Place,Viewpoint,Entry Ticket (₹),Hotel Name,Budget Category,Hotel Cost Per Night (₹),Restaurant Name,Avg Bill (₹),Menu Dishes,Dish Prices (₹)
Agra,Itimad-ud-Daulah's Tomb,150.0,ITC Mughal,Budget,800,Pinch of Spice,595.0,"Biryani, Roti, Paratha","230, 230, 142"
Agra,Agra Fort,200.0,ITC Mughal,Budget,800,Pinch of Spice,595.0,"Biryani, Roti, Paratha","230, 230, 142"
Agra,Itimad-ud-Daulah's Tomb,150.0,The Oberoi Amarvilas,Budget,800,Esphahan,629.0,"Idli, Poha, Thali","113, 283, 127"
Agra,Fatehpur Sikri,100.0,ITC Mughal,Budget,800,Pinch of Spice,595.0,"Biryani, Roti, Paratha","230, 230, 142"
Agra,Agra Fort,200.0,Hotel Taj Resorts,Luxury,2500,Peshawri,503.0,"Dosa, Paratha, Paneer Butter Masala","215, 252, 223"
Agra,Akbar's Tomb,200.0,ITC Mughal,Budget,800,Pinch of Spice,595.0,"Biryani, Roti, Paratha","230, 230, 142"
Agra,Mehtab Bagh,150.0,The Oberoi Amarvilas,Budget,800,Peshawri,503.0,"Dosa, Paratha, Paneer Butter Masala","215, 252, 223"
Agra,Fatehpur Sikri,100.0,ITC Mughal,Budget,800,Peshawri,503.0,"Dosa, Paratha, Paneer Butter Masala","215, 252, 223"
Agra,Fatehpur Sikri,100.0,Hotel Taj Resorts,Luxury,2500,Peshawri,503.0,"Dosa, Paratha, Paneer Butter Masala","215, 252, 223"
Agra,Mehtab Bagh,150.0,Hotel Taj Resorts,Luxury,2500,Pinch of Spice,595.0,"Biryani, Roti, Paratha","230, 230, 142"
Agra,Mehtab Bagh,150.0,Hotel Taj Resorts,Luxury,2500,Esphahan,629.0,"Idli, Poha, Thali","113, 283, 127"
Agra,Agra Fort,200.0,ITC Mughal,Budget,800,Esphahan,629.0,"Idli, Poha, Thali","113, 283, 127"
Agra,Fatehpur Sikri,100.0,Hotel Taj Resorts,Luxury,2500,Esphahan,629.0,"Idli, Poha, Thali","113, 283, 127"
Agra,Akbar's Tomb,200.0,ITC Mughal,Budget,800,Peshawri,503.0,"Dosa, Paratha, Paneer Butter Masala","215, 252, 223"
Agra,Fatehpur Sikri,100.0,The Oberoi Amarvilas,Budget,800,Pinch of Spice,595.0,"Biryani, Roti, Paratha","230, 230, 142"
Agra,Taj Mahal,150.0,ITC Mughal,Budget,800,Pinch of Spice,595.0,"Biryani, Roti, Paratha","230, 230, 142"
Agra,Agra Fort,200.0,Hotel Taj Resorts,Luxury,2500,Esphahan,629.0,"Idli, Poha, Thali","113, 283, 127"
Agra,Akbar's Tomb,200.0,Hotel Taj Resorts,Luxury,2500,Pinch of Spice,595.0,"Biryani, Roti, Paratha","230, 230, 142"
Agra,Taj Mahal,150.0,ITC Mughal,Budget,800,Peshawri,503.0,"Dosa, Paratha, Paneer Butter Masala","215, 252, 223"
Agra,Akbar's Tomb,200.0,The Oberoi Amarvilas,Budget,800,Esphahan,629.0,"Idli, Poha, Thali","113, 283, 127"
Varanasi,Kashi Vishwanath Temple,150.0,BrijRama Palace,Mid-range,1500,Aum Cafe,418.0,"Biryani, Paneer Butter Masala, Momos","272, 219, 267"
Varanasi,Dashashwamedh Ghat,150.0,BrijRama Palace,Mid-range,1500,Brown Bread Bakery,380.0,"Poha, Thali, Momos","180, 107, 114"
Varanasi,Kashi Vishwanath Temple,150.0,Hotel Alka,Budget,800,Shree Cafe,625.0,"Poha, Fish Curry, Paneer Butter Masala","146, 85, 274"
Varanasi,Dashashwamedh Ghat,150.0,Taj Ganges,Budget,800,Shree Cafe,625.0,"Poha, Fish Curry, Paneer Butter Masala","146, 85, 274"
Varanasi,Kashi Vishwanath Temple,150.0,Hotel Alka,Budget,800,Brown Bread Bakery,380.0,"Poha, Thali, Momos","180, 107, 114"
Varanasi,Assi Ghat,150.0,Hotel Alka,Budget,800,Aum Cafe,418.0,"Biryani, Paneer Butter Masala, Momos","272, 219, 267"
Varanasi,Kashi Vishwanath Temple,150.0,Taj Ganges,Budget,800,Aum Cafe,418.0,"Biryani, Paneer Butter Masala, Momos","272, 219, 267"
Varanasi,Kashi Vishwanath Temple,150.0,Taj Ganges,Budget,800,Brown Bread Bakery,380.0,"Poha, Thali, Momos","180, 107, 114"
Varanasi,Dashashwamedh Ghat,150.0,Hotel Alka,Budget,800,Shree Cafe,625.0,"Poha, Fish Curry, Paneer Butter Masala","146, 85, 274"
Varanasi,Assi Ghat,150.0,Taj Ganges,Budget,800,Shree Cafe,625.0,"Poha, Fish Curry, Paneer Butter Masala","146, 85, 274"
Varanasi,Dashashwamedh Ghat,150.0,Hotel Alka,Budget,800,Aum Cafe,418.0,"Biryani, Paneer Butter Masala, Momos","272, 219, 267"
Varanasi,Assi Ghat,150.0,Taj Ganges,Budget,800,Brown Bread Bakery,380.0,"Poha, Thali, Momos","180, 107, 114"
Varanasi,Assi Ghat,150.0,Hotel Alka,Budget,800,Brown Bread Bakery,380.0,"Poha, Thali, Momos","180, 107, 114"
Varanasi,Dashashwamedh Ghat,150.0,Hotel Alka,Budget,800,Brown Bread Bakery,380.0,"Poha, Thali, Momos","180, 107, 114"
Varanasi,Kashi Vishwanath Temple,150.0,Hotel Alka,Budget,800,Aum Cafe,418.0,"Biryani, Paneer Butter Masala, Momos","272, 219, 267"
Varanasi,Assi Ghat,150.0,Hotel Alka,Budget,800,Shree Cafe,625.0,"Poha, Fish Curry, Paneer Butter Masala","146, 85, 274"
Varanasi,Assi Ghat,150.0,Taj Ganges,Budget,800,Aum Cafe,418.0,"Biryani, Paneer Butter Masala, Momos","272, 219, 267"
Varanasi,Dashashwamedh Ghat,150.0,Taj Ganges,Budget,800,Aum Cafe,418.0,"Biryani, Paneer Butter Masala, Momos","272, 219, 267"
Varanasi,Dashashwamedh Ghat,150.0,BrijRama Palace,Mid-range,1500,Aum Cafe,418.0,"Biryani, Paneer Butter Masala, Momos","272, 219, 267"
Varanasi,Dashashwamedh Ghat,150.0,BrijRama Palace,Mid-range,1500,Shree Cafe,625.0,"Poha, Fish Curry, Paneer Butter Masala","146, 85, 274"
Jaisalmer,Patwon Ki Haveli,50.0,Suryagarh,Luxury,2500,Trio Restaurant,485.0,"Fish Curry, Upma, Poha","289, 109, 84"
Jaisalmer,Patwon Ki Haveli,50.0,Suryagarh,Luxury,2500,The Turban Restaurant,652.0,"Biryani, Paratha, Momos","100, 146, 300"
Jaisalmer,Jaisalmer Fort,50.0,Suryagarh,Luxury,2500,Trio Restaurant,485.0,"Fish Curry, Upma, Poha","289, 109, 84"
Jaisalmer,Gadisar Lake,50.0,Suryagarh,Luxury,2500,The Turban Restaurant,652.0,"Biryani, Paratha, Momos","100, 146, 300"
Jaisalmer,Jaisalmer Fort,50.0,Suryagarh,Luxury,2500,The Turban Restaurant,652.0,"Biryani, Paratha, Momos","100, 146, 300"
Jaisalmer,Gadisar Lake,50.0,Suryagarh,Luxury,2500,Trio Restaurant,485.0,"Fish Curry, Upma, Poha","289, 109, 84"
Leh,Leh Palace,150.0,Reenam Hotel,Mid-range,1500,Gesmo Restaurant,396.0,"Biryani, Idli, Paratha","296, 256, 169"
Leh,Shanti Stupa,50.0,The Grand Dragon,Budget,800,Gesmo Restaurant,396.0,"Biryani, Idli, Paratha","296, 256, 169"
Leh,Shanti Stupa,50.0,The Grand Dragon,Budget,800,Bon Appetit,427.0,"Fish Curry, Biryani, Paratha","181, 210, 158"
Leh,Pangong Lake,50.0,Reenam Hotel,Mid-range,1500,Lamayuru Restaurant,502.0,"Paratha, Biryani, Poha","174, 275, 85"
Leh,Magnetic Hill,50.0,The Grand Dragon,Budget,800,Bon Appetit,427.0,"Fish Curry, Biryani, Paratha","181, 210, 158"
Leh,Nubra Valley,100.0,The Grand Dragon,Budget,800,Lamayuru Restaurant,502.0,"Paratha, Biryani, Poha","174, 275, 85"
Leh,Nubra Valley,100.0,Hotel Omasila,Budget,800,Gesmo Restaurant,396.0,"Biryani, Idli, Paratha","296, 256, 169"
Leh,Thiksey Monastery,100.0,Hotel Omasila,Budget,800,Bon Appetit,427.0,"Fish Curry, Biryani, Paratha","181, 210, 158"
Leh,Pangong Lake,50.0,The Grand Dragon,Budget,800,Gesmo Restaurant,396.0,"Biryani, Idli, Paratha","296, 256, 169"
Leh,Magnetic Hill,50.0,Hotel Omasila,Budget,800,Bon Appetit,427.0,"Fish Curry, Biryani, Paratha","181, 210, 158"
Leh,Nubra Valley,100.0,Hotel Omasila,Budget,800,Lamayuru Restaurant,502.0,"Paratha, Biryani, Poha","174, 275, 85"
Leh,Nubra Valley,100.0,Reenam Hotel,Mid-range,1500,Lamayuru Restaurant,502.0,"Paratha, Biryani, Poha","174, 275, 85"
Leh,Pangong Lake,50.0,Hotel Omasila,Budget,800,Gesmo Restaurant,396.0,"Biryani, Idli, Paratha","296, 256, 169"
Leh,Leh Palace,150.0,Hotel Omasila,Budget,800,Bon Appetit,427.0,"Fish Curry, Biryani, Paratha","181, 210, 158"
Leh,Pangong Lake,50.0,Hotel Omasila,Budget,800,Bon Appetit,427.0,"Fish Curry, Biryani, Paratha","181, 210, 158"
Leh,Magnetic Hill,50.0,The Grand Dragon,Budget,800,Gesmo Restaurant,396.0,"Biryani, Idli, Paratha","296, 256, 169"
Leh,Shanti Stupa,50.0,Reenam Hotel,Mid-range,1500,Lamayuru Restaurant,502.0,"Paratha, Biryani, Poha","174, 275, 85"
Leh,Shanti Stupa,50.0,Hotel Omasila,Budget,800,Bon Appetit,427.0,"Fish Curry, Biryani, Paratha","181, 210, 158"
Leh,Magnetic Hill,50.0,Hotel Omasila,Budget,800,Lamayuru Restaurant,502.0,"Paratha, Biryani, Poha","174, 275, 85"
Leh,Magnetic Hill,50.0,Reenam Hotel,Mid-range,1500,Gesmo Restaurant,396.0,"Biryani, Idli, Paratha","296, 256, 169"
Kodaikanal,Pillar Rocks,100.0,Carlton Hotel,Mid-range,1500,Tava,418.0,"Poha, Biryani, Paneer Butter Masala","274, 108, 106"
Kodaikanal,Pillar Rocks,100.0,Carlton Hotel,Mid-range,1500,Astoria Veg,584.0,"Dosa, Idli, Poha","90, 242, 112"
Kodaikanal,Bryant Park,100.0,Hotel Jai,Mid-range,1500,Tava,418.0,"Poha, Biryani, Paneer Butter Masala","274, 108, 106"
Kodaikanal,Bryant Park,100.0,Kodai Resort Hotel,Budget,800,Tava,418.0,"Poha, Biryani, Paneer Butter Masala","274, 108, 106"
Kodaikanal,Bryant Park,100.0,Kodai Resort Hotel,Budget,800,Cloud Street,482.0,"Paratha, Poha, Thali","224, 162, 156"
Kodaikanal,Coaker’s Walk,100.0,Hotel Jai,Mid-range,1500,Astoria Veg,584.0,"Dosa, Idli, Poha","90, 242, 112"
Kodaikanal,Coaker’s Walk,100.0,Kodai Resort Hotel,Budget,800,Tava,418.0,"Poha, Biryani, Paneer Butter Masala","274, 108, 106"
Kodaikanal,Coaker’s Walk,100.0,Carlton Hotel,Mid-range,1500,Cloud Street,482.0,"Paratha, Poha, Thali","224, 162, 156"
Kodaikanal,Bryant Park,100.0,Hotel Jai,Mid-range,1500,Astoria Veg,584.0,"Dosa, Idli, Poha","90, 242, 112"
Kodaikanal,Pillar Rocks,100.0,Carlton Hotel,Mid-range,1500,Cloud Street,482.0,"Paratha, Poha, Thali","224, 162, 156"
Kodaikanal,Coaker’s Walk,100.0,Hotel Jai,Mid-range,1500,Cloud Street,482.0,"Paratha, Poha, Thali","224, 162, 156"
Kodaikanal,Bryant Park,100.0,Carlton Hotel,Mid-range,1500,Astoria Veg,584.0,"Dosa, Idli, Poha","90, 242, 112"
Kodaikanal,Pillar Rocks,100.0,Kodai Resort Hotel,Budget,800,Cloud Street,482.0,"Paratha, Poha, Thali","224, 162, 156"
Kodaikanal,Coaker’s Walk,100.0,Kodai Resort Hotel,Budget,800,Cloud Street,482.0,"Paratha, Poha, Thali","224, 162, 156"
Kodaikanal,Coaker’s Walk,100.0,Carlton Hotel,Mid-range,1500,Astoria Veg,584.0,"Dosa, Idli, Poha","90, 242, 112"
Kodaikanal,Bryant Park,100.0,Hotel Jai,Mid-range,1500,Cloud Street,482.0,"Paratha, Poha, Thali","224, 162, 156"
Kodaikanal,Bryant Park,100.0,Carlton Hotel,Mid-range,1500,Tava,418.0,"Poha, Biryani, Paneer Butter Masala","274, 108, 106"
Kodaikanal,Pillar Rocks,100.0,Hotel Jai,Mid-range,1500,Cloud Street,482.0,"Paratha, Poha, Thali","224, 162, 156"
Kodaikanal,Bryant Park,100.0,Carlton Hotel,Mid-range,1500,Cloud Street,482.0,"Paratha, Poha, Thali","224, 162, 156"
Kodaikanal,Coaker’s Walk,100.0,Kodai Resort Hotel,Budget,800,Astoria Veg,584.0,"Dosa, Idli, Poha","90, 242, 112"
Munnar,Kundala Lake,100.0,Spice Tree Munnar,Luxury,2500,Rochas Restaurant,660.0,"Upma, Paratha, Thali","119, 195, 168"
Munnar,Eravikulam National Park,100.0,Fog Resort & Spa,Budget,800,Hotel Sri Nivas,460.0,"Idli, Paneer Butter Masala, Upma","67, 144, 247"
Munnar,Mattupetty Dam,100.0,Spice Tree Munnar,Luxury,2500,Hotel Sri Nivas,460.0,"Idli, Paneer Butter Masala, Upma","67, 144, 247"
Munnar,Echo Point,100.0,Windermere Estate,Luxury,2500,Guru's Restaurant,632.0,"Paratha, Idli, Dosa","227, 116, 112"
Munnar,Munnar Tea Gardens,100.0,The Panoramic Getaway,Mid-range,1500,Hotel Sri Nivas,460.0,"Idli, Paneer Butter Masala, Upma","67, 144, 247"
Munnar,Eravikulam National Park,100.0,Windermere Estate,Luxury,2500,Rochas Restaurant,660.0,"Upma, Paratha, Thali","119, 195, 168"
Munnar,Munnar Tea Gardens,100.0,The Panoramic Getaway,Mid-range,1500,Guru's Restaurant,632.0,"Paratha, Idli, Dosa","227, 116, 112"
Munnar,Echo Point,100.0,The Panoramic Getaway,Mid-range,1500,Saravana Bhavan,292.0,"Momos, Dosa, Thali","296, 113, 143"
Munnar,Echo Point,100.0,Spice Tree Munnar,Luxury,2500,Rapsy Restaurant,456.0,"Thali, Fish Curry, Upma","78, 177, 130"
Munnar,Echo Point,100.0,Fragrant Nature Munnar,Budget,800,Guru's Restaurant,632.0,"Paratha, Idli, Dosa","227, 116, 112"
Munnar,Munnar Tea Gardens,100.0,Windermere Estate,Luxury,2500,Guru's Restaurant,632.0,"Paratha, Idli, Dosa","227, 116, 112"
Munnar,Mattupetty Dam,100.0,Windermere Estate,Luxury,2500,Hotel Sri Nivas,460.0,"Idli, Paneer Butter Masala, Upma","67, 144, 247"
Munnar,Mattupetty Dam,100.0,Fog Resort & Spa,Budget,800,Saravana Bhavan,292.0,"Momos, Dosa, Thali","296, 113, 143"
Munnar,Attukad Waterfalls,100.0,Fragrant Nature Munnar,Budget,800,Rapsy Restaurant,456.0,"Thali, Fish Curry, Upma","78, 177, 130"
Munnar,Echo Point,100.0,The Panoramic Getaway,Mid-range,1500,Hotel Sri Nivas,460.0,"Idli, Paneer Butter Masala, Upma","67, 144, 247"
Munnar,Kundala Lake,100.0,Spice Tree Munnar,Luxury,2500,Rapsy Restaurant,456.0,"Thali, Fish Curry, Upma","78, 177, 130"
Munnar,Munnar Tea Gardens,100.0,Windermere Estate,Luxury,2500,Rochas Restaurant,660.0,"Upma, Paratha, Thali","119, 195, 168"
Munnar,Eravikulam National Park,100.0,Fragrant Nature Munnar,Budget,800,Saravana Bhavan,292.0,"Momos, Dosa, Thali","296, 113, 143"
Munnar,Attukad Waterfalls,100.0,Fragrant Nature Munnar,Budget,800,Hotel Sri Nivas,460.0,"Idli, Paneer Butter Masala, Upma","67, 144, 247"
Munnar,Echo Point,100.0,Spice Tree Munnar,Luxury,2500,Rochas Restaurant,660.0,"Upma, Paratha, Thali","119, 195, 168"
Mysuru,Mysore Zoo,100.0,Country Inn & Suites by Radisson,Luxury,2500,Depth N Green,592.0,"Momos, Fish Curry, Upma","91, 125, 197"
Mysuru,Philomena's Church,100.0,Fortune JP Palace,Luxury,2500,Vinayaka Mylari,661.0,"Poha, Biryani, Fish Curry","298, 218, 173"
Mysuru,Brindavan Gardens,150.0,Lalitha Mahal Palace Hotel,Budget,800,Depth N Green,592.0,"Momos, Fish Curry, Upma","91, 125, 197"
Mysuru,Brindavan Gardens,150.0,Lalitha Mahal Palace Hotel,Budget,800,Gokulam House,286.0,"Dosa, Biryani, Idli","162, 130, 155"
Mysuru,Mysore Palace,150.0,Country Inn & Suites by Radisson,Luxury,2500,Green Leaf Food Court,369.0,"Poha, Fish Curry, Thali","122, 176, 290"
Mysuru,Mysore Palace,150.0,Radisson Blu Plaza Hotel Mysore,Luxury,2500,Gokulam House,286.0,"Dosa, Biryani, Idli","162, 130, 155"
Mysuru,Philomena's Church,100.0,Radisson Blu Plaza Hotel Mysore,Luxury,2500,Vinayaka Mylari,661.0,"Poha, Biryani, Fish Curry","298, 218, 173"
Mysuru,Chamundi Hills,100.0,Radisson Blu Plaza Hotel Mysore,Luxury,2500,Vinayaka Mylari,661.0,"Poha, Biryani, Fish Curry","298, 218, 173"
Mysuru,Mysore Palace,150.0,Lalitha Mahal Palace Hotel,Budget,800,Green Leaf Food Court,369.0,"Poha, Fish Curry, Thali","122, 176, 290"
Mysuru,Mysore Zoo,100.0,Fortune JP Palace,Luxury,2500,Gokulam House,286.0,"Dosa, Biryani, Idli","162, 130, 155"
Mysuru,Karanji Lake,50.0,Country Inn & Suites by Radisson,Luxury,2500,Vinayaka Mylari,661.0,"Poha, Biryani, Fish Curry","298, 218, 173"
Mysuru,Karanji Lake,50.0,Lalitha Mahal Palace Hotel,Budget,800,Green Leaf Food Court,369.0,"Poha, Fish Curry, Thali","122, 176, 290"
Mysuru,Karanji Lake,50.0,Country Inn & Suites by Radisson,Luxury,2500,Green Leaf Food Court,369.0,"Poha, Fish Curry, Thali","122, 176, 290"
Mysuru,Mysore Palace,150.0,Radisson Blu Plaza Hotel Mysore,Luxury,2500,Vinayaka Mylari,661.0,"Poha, Biryani, Fish Curry","298, 218, 173"
Mysuru,Philomena's Church,100.0,Radisson Blu Plaza Hotel Mysore,Luxury,2500,Depth N Green,592.0,"Momos, Fish Curry, Upma","91, 125, 197"
Mysuru,Brindavan Gardens,150.0,Radisson Blu Plaza Hotel Mysore,Luxury,2500,Depth N Green,592.0,"Momos, Fish Curry, Upma","91, 125, 197"
Mysuru,Mysore Zoo,100.0,Lalitha Mahal Palace Hotel,Budget,800,Depth N Green,592.0,"Momos, Fish Curry, Upma","91, 125, 197"
Mysuru,Mysore Palace,150.0,Country Inn & Suites by Radisson,Luxury,2500,Vinayaka Mylari,661.0,"Poha, Biryani, Fish Curry","298, 218, 173"
Mysuru,Philomena's Church,100.0,Country Inn & Suites by Radisson,Luxury,2500,Gokulam House,286.0,"Dosa, Biryani, Idli","162, 130, 155"
Mysuru,Brindavan Gardens,150.0,Lalitha Mahal Palace Hotel,Budget,800,Green Leaf Food Court,369.0,"Poha, Fish Curry, Thali","122, 176, 290"
Wayanad,Lakkidi View Point,150.0,The Windflower Resort & Spa Vythiri,Mid-range,1500,The Coffee Grove Restaurant,277.0,"Roti, Idli, Fish Curry","71, 233, 78"
Wayanad,Banasura Sagar Dam,150.0,Lakkidi Village Resort,Luxury,2500,The Coffee Grove Restaurant,277.0,"Roti, Idli, Fish Curry","71, 233, 78"
Wayanad,Banasura Sagar Dam,150.0,Lakkidi Village Resort,Luxury,2500,1980's A Nostalgic Restaurant,608.0,"Momos, Roti, Biryani","163, 184, 83"
Wayanad,Lakkidi View Point,150.0,Vythiri Resort,Luxury,2500,ClayHut,274.0,"Biryani, Fish Curry, Upma","219, 151, 257"
Wayanad,Banasura Sagar Dam,150.0,Wayanad Wild,Budget,800,Wayanad Kitchen,290.0,"Idli, Paneer Butter Masala, Fish Curry","293, 266, 85"
Wayanad,Soochipara Waterfalls,150.0,Wayanad Wild,Budget,800,Wayanad Kitchen,290.0,"Idli, Paneer Butter Masala, Fish Curry","293, 266, 85"
Wayanad,Lakkidi View Point,150.0,Vythiri Resort,Luxury,2500,Jungle Restaurant,409.0,"Dosa, Poha, Biryani","202, 91, 78"
Wayanad,Lakkidi View Point,150.0,Arayal Resorts,Mid-range,1500,1980's A Nostalgic Restaurant,608.0,"Momos, Roti, Biryani","163, 184, 83"
Wayanad,Soochipara Waterfalls,150.0,Lakkidi Village Resort,Luxury,2500,Wayanad Kitchen,290.0,"Idli, Paneer Butter Masala, Fish Curry","293, 266, 85"
Wayanad,Chembra Peak,200.0,Arayal Resorts,Mid-range,1500,The Coffee Grove Restaurant,277.0,"Roti, Idli, Fish Curry","71, 233, 78"
Wayanad,Chembra Peak,200.0,Vythiri Resort,Luxury,2500,1980's A Nostalgic Restaurant,608.0,"Momos, Roti, Biryani","163, 184, 83"
Wayanad,Banasura Sagar Dam,150.0,The Windflower Resort & Spa Vythiri,Mid-range,1500,The Coffee Grove Restaurant,277.0,"Roti, Idli, Fish Curry","71, 233, 78"
Wayanad,Soochipara Waterfalls,150.0,Wayanad Wild,Budget,800,Jungle Restaurant,409.0,"Dosa, Poha, Biryani","202, 91, 78"
Wayanad,Lakkidi View Point,150.0,Wayanad Wild,Budget,800,Jungle Restaurant,409.0,"Dosa, Poha, Biryani","202, 91, 78"
Wayanad,Lakkidi View Point,150.0,Arayal Resorts,Mid-range,1500,Jungle Restaurant,409.0,"Dosa, Poha, Biryani","202, 91, 78"
Wayanad,Lakkidi View Point,150.0,Wayanad Wild,Budget,800,1980's A Nostalgic Restaurant,608.0,"Momos, Roti, Biryani","163, 184, 83"
Wayanad,Chembra Peak,200.0,Arayal Resorts,Mid-range,1500,1980's A Nostalgic Restaurant,608.0,"Momos, Roti, Biryani","163, 184, 83"
Wayanad,Banasura Sagar Dam,150.0,Vythiri Resort,Luxury,2500,The Coffee Grove Restaurant,277.0,"Roti, Idli, Fish Curry","71, 233, 78"
Wayanad,Chembra Peak,200.0,Vythiri Resort,Luxury,2500,ClayHut,274.0,"Biryani, Fish Curry, Upma","219, 151, 257"
Wayanad,Chembra Peak,200.0,Vythiri Resort,Luxury,2500,The Coffee Grove Restaurant,277.0,"Roti, Idli, Fish Curry","71, 233, 78"
Lonavala,Tiger Point,200.0,The Lagoona Resort,Budget,800,German Bakery,554.0,"Momos, Paratha, Upma","265, 131, 132"
Lonavala,Karla Caves,200.0,The Machan,Budget,800,Rama Krishna Veg & Non Veg,346.0,"Dosa, Fish Curry, Momos","169, 213, 281"
Lonavala,Duke's Nose,100.0,The Machan,Budget,800,Magnum Opus Restaurant,538.0,"Momos, Paneer Butter Masala, Fish Curry","110, 273, 134"
Lonavala,Karla Caves,200.0,Rhythm Lonavala,Luxury,2500,Rama Krishna Veg & Non Veg,346.0,"Dosa, Fish Curry, Momos","169, 213, 281"
Lonavala,Visapur Fort,100.0,Rhythm Lonavala,Luxury,2500,Magnum Opus Restaurant,538.0,"Momos, Paneer Butter Masala, Fish Curry","110, 273, 134"
Lonavala,Visapur Fort,100.0,The Lagoona Resort,Budget,800,Lonavala Restaurant,590.0,"Paneer Butter Masala, Fish Curry, Roti","76, 293, 273"
Lonavala,Karla Caves,200.0,The Machan,Budget,800,Cafe 24,505.0,"Paratha, Dosa, Fish Curry","117, 154, 278"
Lonavala,Bhushi Dam,200.0,Della Resorts,Mid-range,1500,Magnum Opus Restaurant,538.0,"Momos, Paneer Butter Masala, Fish Curry","110, 273, 134"
Lonavala,Lonavala Lake,200.0,Della Resorts,Mid-range,1500,Lonavala Restaurant,590.0,"Paneer Butter Masala, Fish Curry, Roti","76, 293, 273"
Lonavala,Bhushi Dam,200.0,Rhythm Lonavala,Luxury,2500,German Bakery,554.0,"Momos, Paratha, Upma","265, 131, 132"
Lonavala,Bhushi Dam,200.0,The Lagoona Resort,Budget,800,Lonavala Restaurant,590.0,"Paneer Butter Masala, Fish Curry, Roti","76, 293, 273"
Lonavala,Duke's Nose,100.0,Fariyas Resort Lonavala,Mid-range,1500,German Bakery,554.0,"Momos, Paratha, Upma","265, 131, 132"
Lonavala,Visapur Fort,100.0,Rhythm Lonavala,Luxury,2500,Lonavala Restaurant,590.0,"Paneer Butter Masala, Fish Curry, Roti","76, 293, 273"
Lonavala,Lonavala Lake,200.0,Fariyas Resort Lonavala,Mid-range,1500,Lonavala Restaurant,590.0,"Paneer Butter Masala, Fish Curry, Roti","76, 293, 273"
Lonavala,Bhushi Dam,200.0,The Lagoona Resort,Budget,800,German Bakery,554.0,"Momos, Paratha, Upma","265, 131, 132"
Lonavala,Tiger Point,200.0,The Machan,Budget,800,German Bakery,554.0,"Momos, Paratha, Upma","265, 131, 132"
Lonavala,Bhushi Dam,200.0,Rhythm Lonavala,Luxury,2500,Magnum Opus Restaurant,538.0,"Momos, Paneer Butter Masala, Fish Curry","110, 273, 134"
Lonavala,Karla Caves,200.0,The Lagoona Resort,Budget,800,Lonavala Restaurant,590.0,"Paneer Butter Masala, Fish Curry, Roti","76, 293, 273"
Lonavala,Lonavala Lake,200.0,The Machan,Budget,800,Rama Krishna Veg & Non Veg,346.0,"Dosa, Fish Curry, Momos","169, 213, 281"
Lonavala,Duke's Nose,100.0,Rhythm Lonavala,Luxury,2500,Cafe 24,505.0,"Paratha, Dosa, Fish Curry","117, 154, 278"
Tawang,Jaswant Garh,100.0,Hotel The Oak,Budget,800,The Blue Pine,425.0,"Paneer Butter Masala, Paratha, Dosa","91, 220, 139"
Tawang,Jaswant Garh,100.0,Hotel The Oak,Budget,800,Orange Restaurant,377.0,"Dosa, Fish Curry, Upma","236, 275, 256"
Tawang,Sela Pass,50.0,Hotel Monyul,Budget,800,Zombala Restaurant,263.0,"Fish Curry, Biryani, Momos","265, 95, 261"
Tawang,Tawang Monastery,50.0,Hotel Tawang View,Luxury,2500,Dragon Restaurant,602.0,"Fish Curry, Poha, Paratha","234, 178, 77"
Tawang,Tawang Monastery,50.0,Dolma Hotel,Mid-range,1500,Zombala Restaurant,263.0,"Fish Curry, Biryani, Momos","265, 95, 261"
Tawang,Taktsang Gompa,0.0,Hotel Monyul,Budget,800,Zombala Restaurant,263.0,"Fish Curry, Biryani, Momos","265, 95, 261"
Tawang,Sela Pass,50.0,Hotel Monyul,Budget,800,Dragon Restaurant,602.0,"Fish Curry, Poha, Paratha","234, 178, 77"
Tawang,Madhuri Lake (Sangestar Tso),50.0,Dolma Hotel,Mid-range,1500,Dragon Restaurant,602.0,"Fish Curry, Poha, Paratha","234, 178, 77"
Tawang,Taktsang Gompa,0.0,Dolma Hotel,Mid-range,1500,Zombala Restaurant,263.0,"Fish Curry, Biryani, Momos","265, 95, 261"
Tawang,Jaswant Garh,100.0,Hotel Gakyi Khang Zhang,Budget,800,Orange Restaurant,377.0,"Dosa, Fish Curry, Upma","236, 275, 256"
Tawang,Nuranang Falls,0.0,Hotel Monyul,Budget,800,Orange Restaurant,377.0,"Dosa, Fish Curry, Upma","236, 275, 256"
Tawang,Tawang Monastery,50.0,Dolma Hotel,Mid-range,1500,Taste of Tawang,569.0,"Fish Curry, Roti, Biryani","234, 106, 148"
Tawang,Tawang Monastery,50.0,Hotel The Oak,Budget,800,Dragon Restaurant,602.0,"Fish Curry, Poha, Paratha","234, 178, 77"
Tawang,Taktsang Gompa,0.0,Hotel The Oak,Budget,800,The Blue Pine,425.0,"Paneer Butter Masala, Paratha, Dosa","91, 220, 139"
Tawang,Jaswant Garh,100.0,Hotel Monyul,Budget,800,The Blue Pine,425.0,"Paneer Butter Masala, Paratha, Dosa","91, 220, 139"
Tawang,Madhuri Lake (Sangestar Tso),50.0,Hotel The Oak,Budget,800,Taste of Tawang,569.0,"Fish Curry, Roti, Biryani","234, 106, 148"
Tawang,Sela Pass,50.0,Hotel Tawang View,Luxury,2500,Orange Restaurant,377.0,"Dosa, Fish Curry, Upma","236, 275, 256"
Tawang,Tawang Monastery,50.0,Hotel The Oak,Budget,800,Orange Restaurant,377.0,"Dosa, Fish Curry, Upma","236, 275, 256"
Tawang,Jaswant Garh,100.0,Hotel Monyul,Budget,800,Taste of Tawang,569.0,"Fish Curry, Roti, Biryani","234, 106, 148"
Tawang,Jaswant Garh,100.0,Hotel Gakyi Khang Zhang,Budget,800,Taste of Tawang,569.0,"Fish Curry, Roti, Biryani","234, 106, 148"
Mahabaleshwar,Mapro Garden,50.0,Le Meridien Mahabaleshwar Resort & Spa,Luxury,2500,Grapevine Restaurant,454.0,"Upma, Paratha, Paneer Butter Masala","65, 63, 235"
Mahabaleshwar,Pratapgad Fort,0.0,Le Meridien Mahabaleshwar Resort & Spa,Luxury,2500,Grapevine Restaurant,454.0,"Upma, Paratha, Paneer Butter Masala","65, 63, 235"
Mahabaleshwar,Venna Lake,150.0,Le Meridien Mahabaleshwar Resort & Spa,Luxury,2500,Bagicha Corner,517.0,"Poha, Idli, Momos","295, 118, 204"
Mahabaleshwar,Arthur's Seat,150.0,Le Meridien Mahabaleshwar Resort & Spa,Luxury,2500,Mapro Garden,672.0,"Dosa, Paratha, Upma","142, 235, 188"
Mahabaleshwar,Lingmala Waterfall,0.0,Le Meridien Mahabaleshwar Resort & Spa,Luxury,2500,Mapro Garden,672.0,"Dosa, Paratha, Upma","142, 235, 188"
Mahabaleshwar,Arthur's Seat,150.0,Saj Resorts,Luxury,2500,Bagicha Corner,517.0,"Poha, Idli, Momos","295, 118, 204"
Mahabaleshwar,Lingmala Waterfall,0.0,Saj Resorts,Luxury,2500,Grapevine Restaurant,454.0,"Upma, Paratha, Paneer Butter Masala","65, 63, 235"
Mahabaleshwar,Panchgani,0.0,Le Meridien Mahabaleshwar Resort & Spa,Luxury,2500,Mapro Garden,672.0,"Dosa, Paratha, Upma","142, 235, 188"
Mahabaleshwar,Venna Lake,150.0,Le Meridien Mahabaleshwar Resort & Spa,Luxury,2500,Mapro Garden,672.0,"Dosa, Paratha, Upma","142, 235, 188"
Mahabaleshwar,Venna Lake,150.0,Brightland Resort & Spa,Luxury,2500,Bagicha Corner,517.0,"Poha, Idli, Momos","295, 118, 204"
Mahabaleshwar,Venna Lake,150.0,Saj Resorts,Luxury,2500,Bagicha Corner,517.0,"Poha, Idli, Momos","295, 118, 204"
Mahabaleshwar,Pratapgad Fort,0.0,Saj Resorts,Luxury,2500,Grapevine Restaurant,454.0,"Upma, Paratha, Paneer Butter Masala","65, 63, 235"
Mahabaleshwar,Mapro Garden,50.0,Saj Resorts,Luxury,2500,Grapevine Restaurant,454.0,"Upma, Paratha, Paneer Butter Masala","65, 63, 235"
Mahabaleshwar,Mapro Garden,50.0,Saj Resorts,Luxury,2500,Mapro Garden,672.0,"Dosa, Paratha, Upma","142, 235, 188"
Mahabaleshwar,Panchgani,0.0,Brightland Resort & Spa,Luxury,2500,Mapro Garden,672.0,"Dosa, Paratha, Upma","142, 235, 188"
Mahabaleshwar,Lingmala Waterfall,0.0,Le Meridien Mahabaleshwar Resort & Spa,Luxury,2500,Bagicha Corner,517.0,"Poha, Idli, Momos","295, 118, 204"
Mahabaleshwar,Venna Lake,150.0,Brightland Resort & Spa,Luxury,2500,Grapevine Restaurant,454.0,"Upma, Paratha, Paneer Butter Masala","65, 63, 235"
Mahabaleshwar,Panchgani,0.0,Saj Resorts,Luxury,2500,Grapevine Restaurant,454.0,"Upma, Paratha, Paneer Butter Masala","65, 63, 235"
Mahabaleshwar,Arthur's Seat,150.0,Le Meridien Mahabaleshwar Resort & Spa,Luxury,2500,Bagicha Corner,517.0,"Poha, Idli, Momos","295, 118, 204"
Mahabaleshwar,Arthur's Seat,150.0,Brightland Resort & Spa,Luxury,2500,Bagicha Corner,517.0,"Poha, Idli, Momos","295, 118, 204"
Shimla,Mall Road,150.0,Radisson Hotel Shimla,Budget,800,Cafe Shimla Times,303.0,"Fish Curry, Paneer Butter Masala, Momos","78, 117, 130"
Shimla,The Ridge,150.0,The Oberoi Cecil,Budget,800,Eighteen71 Cookhouse & Bar,317.0,"Upma, Thali, Momos","89, 124, 122"
Shimla,Indian Institute of Advanced Study,0.0,The Oberoi Cecil,Budget,800,Eighteen71 Cookhouse & Bar,317.0,"Upma, Thali, Momos","89, 124, 122"
Shimla,Jakhu Temple,150.0,Radisson Hotel Shimla,Budget,800,Cafe Shimla Times,303.0,"Fish Curry, Paneer Butter Masala, Momos","78, 117, 130"
Shimla,Jakhu Temple,150.0,Hotel Combermere,Mid-range,1500,Honey Hut,556.0,"Fish Curry, Paneer Butter Masala, Idli","109, 179, 203"
Shimla,Mall Road,150.0,The Oberoi Cecil,Budget,800,Indian Coffee House,387.0,"Dosa, Fish Curry, Paratha","116, 123, 286"
Shimla,Mall Road,150.0,Hotel Combermere,Mid-range,1500,Honey Hut,556.0,"Fish Curry, Paneer Butter Masala, Idli","109, 179, 203"
Shimla,Kufri,150.0,Radisson Hotel Shimla,Budget,800,Honey Hut,556.0,"Fish Curry, Paneer Butter Masala, Idli","109, 179, 203"
Shimla,The Ridge,150.0,Radisson Hotel Shimla,Budget,800,Honey Hut,556.0,"Fish Curry, Paneer Butter Masala, Idli","109, 179, 203"
Shimla,Christ Church,0.0,Clarkes Hotel,Mid-range,1500,Honey Hut,556.0,"Fish Curry, Paneer Butter Masala, Idli","109, 179, 203"
Shimla,Kufri,150.0,The Oberoi Cecil,Budget,800,Eighteen71 Cookhouse & Bar,317.0,"Upma, Thali, Momos","89, 124, 122"
Shimla,Christ Church,0.0,Clarkes Hotel,Mid-range,1500,Eighteen71 Cookhouse & Bar,317.0,"Upma, Thali, Momos","89, 124, 122"
Shimla,The Ridge,150.0,Hotel Combermere,Mid-range,1500,Indian Coffee House,387.0,"Dosa, Fish Curry, Paratha","116, 123, 286"
Shimla,Indian Institute of Advanced Study,0.0,The Oberoi Cecil,Budget,800,Honey Hut,556.0,"Fish Curry, Paneer Butter Masala, Idli","109, 179, 203"
Shimla,Indian Institute of Advanced Study,0.0,Hotel Combermere,Mid-range,1500,Eighteen71 Cookhouse & Bar,317.0,"Upma, Thali, Momos","89, 124, 122"
Shimla,Indian Institute of Advanced Study,0.0,Radisson Hotel Shimla,Budget,800,Cafe Shimla Times,303.0,"Fish Curry, Paneer Butter Masala, Momos","78, 117, 130"
Shimla,Christ Church,0.0,Clarkes Hotel,Mid-range,1500,Cafe Shimla Times,303.0,"Fish Curry, Paneer Butter Masala, Momos","78, 117, 130"
Shimla,Kufri,150.0,Radisson Hotel Shimla,Budget,800,Cafe Shimla Times,303.0,"Fish Curry, Paneer Butter Masala, Momos","78, 117, 130"
Shimla,The Ridge,150.0,The Oberoi Cecil,Budget,800,Honey Hut,556.0,"Fish Curry, Paneer Butter Masala, Idli","109, 179, 203"
Shimla,Mall Road,150.0,Clarkes Hotel,Mid-range,1500,Eighteen71 Cookhouse & Bar,317.0,"Upma, Thali, Momos","89, 124, 122"
Pondicherry,Goubert Market,50.0,The Residency Towers Puducherry,Luxury,2500,Satsanga,458.0,"Upma, Momos, Biryani","122, 298, 299"
Pondicherry,Auroville,50.0,Accord Puducherry,Luxury,2500,Cafe des Arts,614.0,"Poha, Roti, Paratha","159, 167, 217"
Pondicherry,Sri Aurobindo Ashram,150.0,Accord Puducherry,Luxury,2500,Cafe des Arts,614.0,"Poha, Roti, Paratha","159, 167, 217"
Pondicherry,Auroville,50.0,Hotel Promenade,Luxury,2500,Villa Shanti,471.0,"Fish Curry, Thali, Roti","298, 196, 270"
Pondicherry,Auroville,50.0,Hotel Promenade,Luxury,2500,La Maison Rose,565.0,"Thali, Paneer Butter Masala, Paratha","149, 190, 236"
Pondicherry,Sri Aurobindo Ashram,150.0,Hotel Promenade,Luxury,2500,Baker Street,346.0,"Paratha, Momos, Idli","231, 298, 64"
Pondicherry,Promenade Beach,150.0,Hotel Promenade,Luxury,2500,Cafe des Arts,614.0,"Poha, Roti, Paratha","159, 167, 217"
Pondicherry,Botanical Garden,50.0,Palais de Mahe – CGH Earth,Mid-range,1500,Cafe des Arts,614.0,"Poha, Roti, Paratha","159, 167, 217"
Pondicherry,Botanical Garden,50.0,Hotel Promenade,Luxury,2500,Villa Shanti,471.0,"Fish Curry, Thali, Roti","298, 196, 270"
Pondicherry,Sri Aurobindo Ashram,150.0,Palais de Mahe – CGH Earth,Mid-range,1500,Cafe des Arts,614.0,"Poha, Roti, Paratha","159, 167, 217"
Pondicherry,Goubert Market,50.0,Palais de Mahe – CGH Earth,Mid-range,1500,Satsanga,458.0,"Upma, Momos, Biryani","122, 298, 299"
Pondicherry,Promenade Beach,150.0,Hotel Promenade,Luxury,2500,Satsanga,458.0,"Upma, Momos, Biryani","122, 298, 299"
Pondicherry,Botanical Garden,50.0,The Residency Towers Puducherry,Luxury,2500,Baker Street,346.0,"Paratha, Momos, Idli","231, 298, 64"
Pondicherry,Goubert Market,50.0,Le Dupleix,Luxury,2500,Satsanga,458.0,"Upma, Momos, Biryani","122, 298, 299"
Pondicherry,Auroville,50.0,The Residency Towers Puducherry,Luxury,2500,Villa Shanti,471.0,"Fish Curry, Thali, Roti","298, 196, 270"
Pondicherry,Auroville,50.0,Accord Puducherry,Luxury,2500,La Maison Rose,565.0,"Thali, Paneer Butter Masala, Paratha","149, 190, 236"
Pondicherry,Paradise Beach,150.0,Accord Puducherry,Luxury,2500,Villa Shanti,471.0,"Fish Curry, Thali, Roti","298, 196, 270"
Pondicherry,Paradise Beach,150.0,Palais de Mahe – CGH Earth,Mid-range,1500,Villa Shanti,471.0,"Fish Curry, Thali, Roti","298, 196, 270"
Pondicherry,Paradise Beach,150.0,Palais de Mahe – CGH Earth,Mid-range,1500,Satsanga,458.0,"Upma, Momos, Biryani","122, 298, 299"
Pondicherry,Auroville,50.0,Le Dupleix,Luxury,2500,Villa Shanti,471.0,"Fish Curry, Thali, Roti","298, 196, 270"
Udaipur,Jag Mandir,200.0,Oberoi Udaivilas,Luxury,2500,Tribute Restaurant,643.0,"Biryani, Upma, Thali","126, 138, 90"
Udaipur,Lake Pichola,200.0,Oberoi Udaivilas,Luxury,2500,Enigma,281.0,"Roti, Thali, Paratha","234, 67, 223"
Udaipur,Jagdish Temple,200.0,Ramada by Wyndham Udaipur Resort & Spa,Luxury,2500,Enigma,281.0,"Roti, Thali, Paratha","234, 67, 223"
Udaipur,City Palace,200.0,The Leela Palace Udaipur,Budget,800,Enigma,281.0,"Roti, Thali, Paratha","234, 67, 223"
Udaipur,Fateh Sagar Lake,200.0,Radisson Blu Palace Resort & Spa Udaipur,Mid-range,1500,Hari Garh Restaurant,306.0,"Upma, Thali, Poha","172, 265, 284"
Udaipur,Lake Pichola,200.0,Taj Lake Palace,Luxury,2500,Ambrai Restaurant,339.0,"Thali, Idli, Poha","151, 110, 259"
Udaipur,Jagdish Temple,200.0,The Leela Palace Udaipur,Budget,800,Upre by 1559 AD,328.0,"Paneer Butter Masala, Thali, Paratha","62, 208, 285"
Udaipur,Fateh Sagar Lake,200.0,The Leela Palace Udaipur,Budget,800,Hari Garh Restaurant,306.0,"Upma, Thali, Poha","172, 265, 284"
Udaipur,Jagdish Temple,200.0,Taj Lake Palace,Luxury,2500,Hari Garh Restaurant,306.0,"Upma, Thali, Poha","172, 265, 284"
Udaipur,Jagdish Temple,200.0,Radisson Blu Palace Resort & Spa Udaipur,Mid-range,1500,Ambrai Restaurant,339.0,"Thali, Idli, Poha","151, 110, 259"
Udaipur,Lake Pichola,200.0,Taj Lake Palace,Luxury,2500,Upre by 1559 AD,328.0,"Paneer Butter Masala, Thali, Paratha","62, 208, 285"
Udaipur,Jagdish Temple,200.0,Ramada by Wyndham Udaipur Resort & Spa,Luxury,2500,Hari Garh Restaurant,306.0,"Upma, Thali, Poha","172, 265, 284"
Udaipur,Jag Mandir,200.0,Taj Lake Palace,Luxury,2500,Ambrai Restaurant,339.0,"Thali, Idli, Poha","151, 110, 259"
Udaipur,Jagdish Temple,200.0,Radisson Blu Palace Resort & Spa Udaipur,Mid-range,1500,Enigma,281.0,"Roti, Thali, Paratha","234, 67, 223"
Udaipur,Saheliyon-ki-Bari,200.0,Ramada by Wyndham Udaipur Resort & Spa,Luxury,2500,Hari Garh Restaurant,306.0,"Upma, Thali, Poha","172, 265, 284"
Udaipur,City Palace,200.0,Taj Lake Palace,Luxury,2500,Hari Garh Restaurant,306.0,"Upma, Thali, Poha","172, 265, 284"
Udaipur,Jagdish Temple,200.0,Taj Lake Palace,Luxury,2500,Enigma,281.0,"Roti, Thali, Paratha","234, 67, 223"
Udaipur,Jag Mandir,200.0,Oberoi Udaivilas,Luxury,2500,Upre by 1559 AD,328.0,"Paneer Butter Masala, Thali, Paratha","62, 208, 285"
Udaipur,City Palace,200.0,Taj Lake Palace,Luxury,2500,Ambrai Restaurant,339.0,"Thali, Idli, Poha","151, 110, 259"
Udaipur,Lake Pichola,200.0,Radisson Blu Palace Resort & Spa Udaipur,Mid-range,1500,Upre by 1559 AD,328.0,"Paneer Butter Masala, Thali, Paratha","62, 208, 285"
Mount Abu,Nakki Lake,150.0,Hotel Hillock,Mid-range,1500,Arbuda Restaurant,572.0,"Dosa, Poha, Upma","70, 191, 217"
Mount Abu,Dilwara Temples,150.0,Hotel Hillock,Mid-range,1500,Arbuda Restaurant,572.0,"Dosa, Poha, Upma","70, 191, 217"
Rishikesh,Laxman Jhula,150.0,The Roseate Ganges Rishikesh,Luxury,2500,Ramana's Garden Organic Cafe,474.0,"Paratha, Biryani, Dosa","199, 291, 71"
Rishikesh,Ram Jhula,150.0,Ganga Beach Resort,Budget,800,Ganga Beach Cafe,319.0,"Paneer Butter Masala, Roti, Momos","270, 128, 199"
Rishikesh,Parmarth Niketan Ashram,200.0,Ananda in the Himalayas,Budget,800,Chotiwala,660.0,"Thali, Paratha, Poha","85, 277, 281"
Rishikesh,Ram Jhula,150.0,Ganga Beach Resort,Budget,800,The Sitting Elephant,255.0,"Roti, Momos, Thali","154, 254, 265"
Rishikesh,Laxman Jhula,150.0,Ganga Beach Resort,Budget,800,Ganga Beach Cafe,319.0,"Paneer Butter Masala, Roti, Momos","270, 128, 199"
Rishikesh,Parmarth Niketan Ashram,200.0,Aloha On The Ganges,Budget,800,Ganga Beach Cafe,319.0,"Paneer Butter Masala, Roti, Momos","270, 128, 199"
Rishikesh,Neer Garh Waterfall,200.0,Hotel Ganga Kinare,Budget,800,Ramana's Garden Organic Cafe,474.0,"Paratha, Biryani, Dosa","199, 291, 71"
Rishikesh,Laxman Jhula,150.0,Ganga Beach Resort,Budget,800,Chotiwala,660.0,"Thali, Paratha, Poha","85, 277, 281"
Rishikesh,Laxman Jhula,150.0,The Roseate Ganges Rishikesh,Luxury,2500,The Sitting Elephant,255.0,"Roti, Momos, Thali","154, 254, 265"
Rishikesh,Ram Jhula,150.0,The Roseate Ganges Rishikesh,Luxury,2500,Rishikesh Thali...,,,
Rishikesh,Neer Garh Waterfall,200.0,Hotel Ganga Kinare,Budget,800,Ganga Beach Cafe,319.0,"Paneer Butter Masala, Roti, Momos","270, 128, 199"
Rishikesh,Triveni Ghat,150.0,Ananda in the Himalayas,Budget,800,The Sitting Elephant,255.0,"Roti, Momos, Thali","154, 254, 265"
Rishikesh,Triveni Ghat,150.0,Aloha On The Ganges,Budget,800,The Sitting Elephant,255.0,"Roti, Momos, Thali","154, 254, 265"
Rishikesh,Neer Garh Waterfall,200.0,The Roseate Ganges Rishikesh,Luxury,2500,Ganga Beach Cafe,319.0,"Paneer Butter Masala, Roti, Momos","270, 128, 199"
Rishikesh,Triveni Ghat,150.0,Ananda in the Himalayas,Budget,800,Rishikesh Thali...,,,
Rishikesh,Triveni Ghat,150.0,Aloha On The Ganges,Budget,800,Rishikesh Thali...,,,
Rishikesh,Parmarth Niketan Ashram,200.0,Aloha On The Ganges,Budget,800,The Sitting Elephant,255.0,"Roti, Momos, Thali","154, 254, 265"
Rishikesh,Ram Jhula,150.0,The Roseate Ganges Rishikesh,Luxury,2500,Ganga Beach Cafe,319.0,"Paneer Butter Masala, Roti, Momos","270, 128, 199"
Rishikesh,The Beatles Ashram (Maharishi Mahesh Yogi Ashram),200.0,Ananda in the Himalayas,Budget,800,Chotiwala,660.0,"Thali, Paratha, Poha","85, 277, 281"
Rishikesh,Ram Jhula,150.0,Hotel Ganga Kinare,Budget,800,Rishikesh Thali...,,,
Jaipur,Nahargarh Fort,150.0,The Raj Palace,Budget,800,Peshawri,401.0,"Momos, Fish Curry, Idli","196, 158, 284"
Jaipur,Nahargarh Fort,150.0,Fairmont Jaipur,Budget,800,Spice Court,313.0,"Paneer Butter Masala, Poha, Upma","291, 181, 172"
Jaipur,Nahargarh Fort,150.0,ITC Rajputana,Mid-range,1500,Niros,629.0,"Roti, Upma, Poha","66, 165, 115"
Jaipur,Albert Hall Museum,200.0,Fairmont Jaipur,Budget,800,Niros,629.0,"Roti, Upma, Poha","66, 165, 115"
Jaipur,Albert Hall Museum,200.0,The Raj Palace,Budget,800,LMB Restaurant,539.0,"Biryani, Paratha, Fish Curry","114, 277, 233"
Jaipur,Amer Fort,0.0,Taj Rambagh Palace,Luxury,2500,Spice Court,313.0,"Paneer Butter Masala, Poha, Upma","291, 181, 172"
Jaipur,Hawa Mahal,0.0,Fairmont Jaipur,Budget,800,LMB Restaurant,539.0,"Biryani, Paratha, Fish Curry","114, 277, 233"
Jaipur,Jal Mahal,150.0,ITC Rajputana,Mid-range,1500,Peshawri,401.0,"Momos, Fish Curry, Idli","196, 158, 284"
Jaipur,Albert Hall Museum,200.0,ITC Rajputana,Mid-range,1500,Spice Court,313.0,"Paneer Butter Masala, Poha, Upma","291, 181, 172"
Jaipur,Amer Fort,0.0,The Raj Palace,Budget,800,Niros,629.0,"Roti, Upma, Poha","66, 165, 115"
Jaipur,Jal Mahal,150.0,Fairmont Jaipur,Budget,800,Niros,629.0,"Roti, Upma, Poha","66, 165, 115"
Jaipur,Amer Fort,0.0,ITC Rajputana,Mid-range,1500,Peshawri,401.0,"Momos, Fish Curry, Idli","196, 158, 284"
Jaipur,Nahargarh Fort,150.0,Fairmont Jaipur,Budget,800,Peshawri,401.0,"Momos, Fish Curry, Idli","196, 158, 284"
Jaipur,City Palace,0.0,Taj Rambagh Palace,Luxury,2500,Peshawri,401.0,"Momos, Fish Curry, Idli","196, 158, 284"
Jaipur,Nahargarh Fort,150.0,Taj Rambagh Palace,Luxury,2500,LMB Restaurant,539.0,"Biryani, Paratha, Fish Curry","114, 277, 233"
Jaipur,Amer Fort,0.0,The Raj Palace,Budget,800,Spice Court,313.0,"Paneer Butter Masala, Poha, Upma","291, 181, 172"
Jaipur,City Palace,0.0,Fairmont Jaipur,Budget,800,Spice Court,313.0,"Paneer Butter Masala, Poha, Upma","291, 181, 172"
Jaipur,City Palace,0.0,Fairmont Jaipur,Budget,800,Peshawri,401.0,"Momos, Fish Curry, Idli","196, 158, 284"
Jaipur,Hawa Mahal,0.0,Fairmont Jaipur,Budget,800,Spice Court,313.0,"Paneer Butter Masala, Poha, Upma","291, 181, 172"
Jaipur,Amer Fort,0.0,Fairmont Jaipur,Budget,800,Spice Court,313.0,"Paneer Butter Masala, Poha, Upma","291, 181, 172"
Gulmarg,Alpather Lake,150.0,The Khyber Himalayan Resort & Spa,Budget,800,Bakshi Restaurant,689.0,"Thali, Paratha, Upma","196, 85, 127"
Gulmarg,Gulmarg Gondola,150.0,The Khyber Himalayan Resort & Spa,Budget,800,Bakshi Restaurant,689.0,"Thali, Paratha, Upma","196, 85, 127"
Gulmarg,St. Mary's Church,150.0,The Khyber Himalayan Resort & Spa,Budget,800,Bakshi Restaurant,689.0,"Thali, Paratha, Upma","196, 85, 127"
Kanyakumari,Padmanabhapuram Palace,200.0,Sparsa Resort Kanyakumari,Mid-range,1500,Saravana,251.0,"Paratha, Dosa, Thali","255, 238, 92"
Kanyakumari,Kanyakumari Temple,200.0,Hotel Sea View,Luxury,2500,Saravana,251.0,"Paratha, Dosa, Thali","255, 238, 92"
Kanyakumari,Padmanabhapuram Palace,200.0,The Gopinivas Grand,Mid-range,1500,The Curry,461.0,"Upma, Paratha, Biryani","84, 116, 210"
Kanyakumari,Thiruvalluvar Statue,0.0,Hotel Sea View,Luxury,2500,Saravana,251.0,"Paratha, Dosa, Thali","255, 238, 92"
Kanyakumari,Suchindram Thanumalayan Temple,200.0,Sparsa Resort Kanyakumari,Mid-range,1500,The Curry,461.0,"Upma, Paratha, Biryani","84, 116, 210"
Kanyakumari,Padmanabhapuram Palace,200.0,Hotel Sea View,Luxury,2500,The Curry,461.0,"Upma, Paratha, Biryani","84, 116, 210"
Kanyakumari,Kanyakumari Beach,0.0,The Gopinivas Grand,Mid-range,1500,The Curry,461.0,"Upma, Paratha, Biryani","84, 116, 210"
Kanyakumari,Kanyakumari Beach,0.0,The Gopinivas Grand,Mid-range,1500,Saravana,251.0,"Paratha, Dosa, Thali","255, 238, 92"
Kanyakumari,Vivekananda Rock Memorial,0.0,Hotel Sea View,Luxury,2500,Annapoorna Restaurant,531.0,"Roti, Paneer Butter Masala, Idli","125, 204, 261"
Kanyakumari,Kanyakumari Beach,0.0,Hotel Sea View,Luxury,2500,The Curry,461.0,"Upma, Paratha, Biryani","84, 116, 210"
Kanyakumari,Kanyakumari Temple,200.0,The Gopinivas Grand,Mid-range,1500,Annapoorna Restaurant,531.0,"Roti, Paneer Butter Masala, Idli","125, 204, 261"
Kanyakumari,Vivekananda Rock Memorial,0.0,The Gopinivas Grand,Mid-range,1500,Saravana,251.0,"Paratha, Dosa, Thali","255, 238, 92"
Kanyakumari,Padmanabhapuram Palace,200.0,Hotel Sea View,Luxury,2500,Annapoorna Restaurant,531.0,"Roti, Paneer Butter Masala, Idli","125, 204, 261"
Kanyakumari,Kanyakumari Temple,200.0,Hotel Sea View,Luxury,2500,Annapoorna Restaurant,531.0,"Roti, Paneer Butter Masala, Idli","125, 204, 261"
Kanyakumari,Suchindram Thanumalayan Temple,200.0,Sparsa Resort Kanyakumari,Mid-range,1500,Annapoorna Restaurant,531.0,"Roti, Paneer Butter Masala, Idli","125, 204, 261"
Kanyakumari,Kanyakumari Temple,200.0,The Gopinivas Grand,Mid-range,1500,The Curry,461.0,"Upma, Paratha, Biryani","84, 116, 210"
Kanyakumari,Suchindram Thanumalayan Temple,200.0,The Gopinivas Grand,Mid-range,1500,The Curry,461.0,"Upma, Paratha, Biryani","84, 116, 210"
Kanyakumari,Thiruvalluvar Statue,0.0,Hotel Sea View,Luxury,2500,The Curry,461.0,"Upma, Paratha, Biryani","84, 116, 210"
Kanyakumari,Kanyakumari Beach,0.0,Sparsa Resort Kanyakumari,Mid-range,1500,Saravana,251.0,"Paratha, Dosa, Thali","255, 238, 92"
Kanyakumari,Padmanabhapuram Palace,200.0,Sparsa Resort Kanyakumari,Mid-range,1500,The Curry,461.0,"Upma, Paratha, Biryani","84, 116, 210"
Gokarna,Om Beach,150.0,Kudle Beach Resort,Mid-range,1500,Namaste Cafe,298.0,"Dosa, Momos, Poha","239, 218, 86"
Gokarna,Paradise Beach,100.0,Kudle Beach Resort,Mid-range,1500,Namaste Cafe,298.0,"Dosa, Momos, Poha","239, 218, 86"
Gokarna,Om Beach,150.0,SwaSwara,Mid-range,1500,Dolphine Bay,516.0,"Roti, Fish Curry, Dosa","130, 166, 295"
Gokarna,Kudle Beach,100.0,OmBeach Resort,Luxury,2500,Dolphine Bay,516.0,"Roti, Fish Curry, Dosa","130, 166, 295"
Gokarna,Kudle Beach,100.0,Kudle Beach Resort,Mid-range,1500,Shanti Cafe,398.0,"Roti, Fish Curry, Momos","297, 70, 141"
Gokarna,Kudle Beach,100.0,OmBeach Resort,Luxury,2500,Shanti Cafe,398.0,"Roti, Fish Curry, Momos","297, 70, 141"
Gokarna,Mahabaleshwar Temple,150.0,OmBeach Resort,Luxury,2500,Shanti Cafe,398.0,"Roti, Fish Curry, Momos","297, 70, 141"
Gokarna,Mahabaleshwar Temple,150.0,SwaSwara,Mid-range,1500,Dolphine Bay,516.0,"Roti, Fish Curry, Dosa","130, 166, 295"
Gokarna,Kudle Beach,100.0,OmBeach Resort,Luxury,2500,Namaste Cafe,298.0,"Dosa, Momos, Poha","239, 218, 86"
Gokarna,Yana Rocks,100.0,OmBeach Resort,Luxury,2500,Dolphine Bay,516.0,"Roti, Fish Curry, Dosa","130, 166, 295"
Gokarna,Mahabaleshwar Temple,150.0,OmBeach Resort,Luxury,2500,Namaste Cafe,298.0,"Dosa, Momos, Poha","239, 218, 86"
Gokarna,Mahabaleshwar Temple,150.0,Kudle Beach Resort,Mid-range,1500,Namaste Cafe,298.0,"Dosa, Momos, Poha","239, 218, 86"
Gokarna,Yana Rocks,100.0,Kudle Beach Resort,Mid-range,1500,Dolphine Bay,516.0,"Roti, Fish Curry, Dosa","130, 166, 295"
Gokarna,Half Moon Beach,150.0,OmBeach Resort,Luxury,2500,Shanti Cafe,398.0,"Roti, Fish Curry, Momos","297, 70, 141"
Gokarna,Paradise Beach,100.0,OmBeach Resort,Luxury,2500,Shanti Cafe,398.0,"Roti, Fish Curry, Momos","297, 70, 141"
Gokarna,Yana Rocks,100.0,SwaSwara,Mid-range,1500,Dolphine Bay,516.0,"Roti, Fish Curry, Dosa","130, 166, 295"
Gokarna,Yana Rocks,100.0,Kudle Beach Resort,Mid-range,1500,Shanti Cafe,398.0,"Roti, Fish Curry, Momos","297, 70, 141"
Gokarna,Yana Rocks,100.0,SwaSwara,Mid-range,1500,Shanti Cafe,398.0,"Roti, Fish Curry, Momos","297, 70, 141"
Gokarna,Om Beach,150.0,OmBeach Resort,Luxury,2500,Shanti Cafe,398.0,"Roti, Fish Curry, Momos","297, 70, 141"
Gokarna,Kudle Beach,100.0,SwaSwara,Mid-range,1500,Shanti Cafe,398.0,"Roti, Fish Curry, Momos","297, 70, 141"
Mahabalipuram,Five Rathas,200.0,Fisherman's Cove,Luxury,2500,Bob Marley Cafe & Beach Shack,296.0,"Biryani, Upma, Roti","257, 213, 155"
Mahabalipuram,Five Rathas,200.0,Chariot Beach Resort,Mid-range,1500,Water's Edge Cafe,652.0,"Paneer Butter Masala, Fish Curry, Roti","221, 181, 122"
Mahabalipuram,Five Rathas,200.0,Chariot Beach Resort,Mid-range,1500,Bob Marley Cafe & Beach Shack,296.0,"Biryani, Upma, Roti","257, 213, 155"
Mahabalipuram,Five Rathas,200.0,Chariot Beach Resort,Mid-range,1500,Bhojan restaurant,269.0,"Paratha, Dosa, Thali","232, 131, 298"
Mahabalipuram,Arjuna's Penance,100.0,Radisson Blu Resort Temple Bay Mamallapuram,Luxury,2500,Bob Marley Cafe & Beach Shack,296.0,"Biryani, Upma, Roti","257, 213, 155"
Mahabalipuram,Shore Temple,200.0,InterContinental Chennai Mahabalipuram Resort,Budget,800,Moonrakers,524.0,"Fish Curry, Paratha, Thali","279, 143, 182"
Mahabalipuram,Arjuna's Penance,100.0,Radisson Blu Resort Temple Bay Mamallapuram,Luxury,2500,Water's Edge Cafe,652.0,"Paneer Butter Masala, Fish Curry, Roti","221, 181, 122"
Mahabalipuram,Mahabalipuram Lighthouse,100.0,Chariot Beach Resort,Mid-range,1500,Moonrakers,524.0,"Fish Curry, Paratha, Thali","279, 143, 182"
Mahabalipuram,Shore Temple,200.0,Chariot Beach Resort,Mid-range,1500,Moonrakers,524.0,"Fish Curry, Paratha, Thali","279, 143, 182"
Mahabalipuram,Mahabalipuram Lighthouse,100.0,Fisherman's Cove,Luxury,2500,Bhojan restaurant,269.0,"Paratha, Dosa, Thali","232, 131, 298"
Mahabalipuram,Krishna's Butterball,100.0,Grande Bay Resort & Spa,Luxury,2500,Le Yogi,626.0,"Dosa, Roti, Biryani","218, 141, 81"
Mahabalipuram,Krishna's Butterball,100.0,Fisherman's Cove,Luxury,2500,Bob Marley Cafe & Beach Shack,296.0,"Biryani, Upma, Roti","257, 213, 155"
Mahabalipuram,Five Rathas,200.0,InterContinental Chennai Mahabalipuram Resort,Budget,800,Moonrakers,524.0,"Fish Curry, Paratha, Thali","279, 143, 182"
Mahabalipuram,Krishna's Butterball,100.0,Grande Bay Resort & Spa,Luxury,2500,Bhojan restaurant,269.0,"Paratha, Dosa, Thali","232, 131, 298"
Mahabalipuram,Shore Temple,200.0,Chariot Beach Resort,Mid-range,1500,Le Yogi,626.0,"Dosa, Roti, Biryani","218, 141, 81"
Mahabalipuram,Arjuna's Penance,100.0,Chariot Beach Resort,Mid-range,1500,Moonrakers,524.0,"Fish Curry, Paratha, Thali","279, 143, 182"
Mahabalipuram,Five Rathas,200.0,Grande Bay Resort & Spa,Luxury,2500,Le Yogi,626.0,"Dosa, Roti, Biryani","218, 141, 81"
Mahabalipuram,Tiger Cave,100.0,Chariot Beach Resort,Mid-range,1500,Water's Edge Cafe,652.0,"Paneer Butter Masala, Fish Curry, Roti","221, 181, 122"
Mahabalipuram,Five Rathas,200.0,Radisson Blu Resort Temple Bay Mamallapuram,Luxury,2500,Moonrakers,524.0,"Fish Curry, Paratha, Thali","279, 143, 182"
Mahabalipuram,Five Rathas,200.0,Radisson Blu Resort Temple Bay Mamallapuram,Luxury,2500,Bhojan restaurant,269.0,"Paratha, Dosa, Thali","232, 131, 298"
Ooty,Ooty Lake,50.0,Welcomheritage Fernhills Palace,Mid-range,1500,Place to Bee,517.0,"Upma, Paneer Butter Masala, Roti","235, 155, 259"
Ooty,Ooty Lake,50.0,Savoy - IHCL Selections,Luxury,2500,Place to Bee,517.0,"Upma, Paneer Butter Masala, Roti","235, 155, 259"
Ooty,Ooty Lake,50.0,Welcomheritage Fernhills Palace,Mid-range,1500,Earl's Secret,250.0,"Idli, Dosa, Paneer Butter Masala","123, 100, 169"
Ooty,Botanical Gardens,50.0,Savoy - IHCL Selections,Luxury,2500,Earl's Secret,250.0,"Idli, Dosa, Paneer Butter Masala","123, 100, 169"
Ooty,Tea Museum,50.0,Welcomheritage Fernhills Palace,Mid-range,1500,Place to Bee,517.0,"Upma, Paneer Butter Masala, Roti","235, 155, 259"
Ooty,Tea Museum,50.0,Savoy - IHCL Selections,Luxury,2500,Place to Bee,517.0,"Upma, Paneer Butter Masala, Roti","235, 155, 259"
Ooty,Ooty Lake,50.0,Savoy - IHCL Selections,Luxury,2500,Earl's Secret,250.0,"Idli, Dosa, Paneer Butter Masala","123, 100, 169"
Ooty,Rose Garden,50.0,Savoy - IHCL Selections,Luxury,2500,Earl's Secret,250.0,"Idli, Dosa, Paneer Butter Masala","123, 100, 169"
Ooty,Doddabetta Peak,50.0,Savoy - IHCL Selections,Luxury,2500,Place to Bee,517.0,"Upma, Paneer Butter Masala, Roti","235, 155, 259"
Ooty,Pykara Lake and Waterfalls,50.0,Savoy - IHCL Selections,Luxury,2500,Place to Bee,517.0,"Upma, Paneer Butter Masala, Roti","235, 155, 259"
Ooty,Botanical Gardens,50.0,Savoy - IHCL Selections,Luxury,2500,Place to Bee,517.0,"Upma, Paneer Butter Masala, Roti","235, 155, 259"
Ooty,Rose Garden,50.0,Savoy - IHCL Selections,Luxury,2500,Place to Bee,517.0,"Upma, Paneer Butter Masala, Roti","235, 155, 259"
Ooty,Pykara Lake and Waterfalls,50.0,Welcomheritage Fernhills Palace,Mid-range,1500,Earl's Secret,250.0,"Idli, Dosa, Paneer Butter Masala","123, 100, 169"
Ooty,Pykara Lake and Waterfalls,50.0,Welcomheritage Fernhills Palace,Mid-range,1500,Place to Bee,517.0,"Upma, Paneer Butter Masala, Roti","235, 155, 259"
Ooty,Doddabetta Peak,50.0,Welcomheritage Fernhills Palace,Mid-range,1500,Place to Bee,517.0,"Upma, Paneer Butter Masala, Roti","235, 155, 259"
Ooty,Doddabetta Peak,50.0,Welcomheritage Fernhills Palace,Mid-range,1500,Earl's Secret,250.0,"Idli, Dosa, Paneer Butter Masala","123, 100, 169"
Ooty,Botanical Gardens,50.0,Welcomheritage Fernhills Palace,Mid-range,1500,Place to Bee,517.0,"Upma, Paneer Butter Masala, Roti","235, 155, 259"
Ooty,Rose Garden,50.0,Welcomheritage Fernhills Palace,Mid-range,1500,Earl's Secret,250.0,"Idli, Dosa, Paneer Butter Masala","123, 100, 169"
Ooty,Doddabetta Peak,50.0,Savoy - IHCL Selections,Luxury,2500,Earl's Secret,250.0,"Idli, Dosa, Paneer Butter Masala","123, 100, 169"
Ooty,Tea Museum,50.0,Savoy - IHCL Selections,Luxury,2500,Earl's Secret,250.0,"Idli, Dosa, Paneer Butter Masala","123, 100, 169"
Alleppey,Pathiramanal Island,0.0,Alleppey Beach Resort,Mid-range,1500,Cassia Restaurant,643.0,"Paneer Butter Masala, Momos, Paratha","121, 77, 186"
Alleppey,Krishnapuram Palace,0.0,Alleppey Beach Resort,Mid-range,1500,Halais Restaurant,292.0,"Upma, Dosa, Idli","223, 185, 113"
Alleppey,Marari Beach,100.0,Marari Beach Resort,Luxury,2500,Halais Restaurant,292.0,"Upma, Dosa, Idli","223, 185, 113"
Alleppey,Krishnapuram Palace,0.0,Marari Beach Resort,Luxury,2500,Halais Restaurant,292.0,"Upma, Dosa, Idli","223, 185, 113"
Alleppey,Alleppey Lighthouse,50.0,Sterling Lake Palace Alleppey,Budget,800,Cassia Restaurant,643.0,"Paneer Butter Masala, Momos, Paratha","121, 77, 186"
Alleppey,Alleppey Lighthouse,50.0,Marari Beach Resort,Luxury,2500,Brothers Hotel,496.0,"Thali, Idli, Upma","210, 138, 285"
Alleppey,Pathiramanal Island,0.0,Deshadan Backwater Resort,Luxury,2500,Halais Restaurant,292.0,"Upma, Dosa, Idli","223, 185, 113"
Alleppey,Marari Beach,100.0,Deshadan Backwater Resort,Luxury,2500,Cassia Restaurant,643.0,"Paneer Butter Masala, Momos, Paratha","121, 77, 186"
Alleppey,Punnamada Lake,50.0,Sterling Lake Palace Alleppey,Budget,800,Brothers Hotel,496.0,"Thali, Idli, Upma","210, 138, 285"
Alleppey,Marari Beach,100.0,Deshadan Backwater Resort,Luxury,2500,Brothers Hotel,496.0,"Thali, Idli, Upma","210, 138, 285"
Alleppey,Punnamada Lake,50.0,Marari Beach Resort,Luxury,2500,Cassia Restaurant,643.0,"Paneer Butter Masala, Momos, Paratha","121, 77, 186"
Alleppey,Pathiramanal Island,0.0,Deshadan Backwater Resort,Luxury,2500,Thaff Delicacy,581.0,"Dosa, Momos, Upma","228, 204, 211"
Alleppey,Krishnapuram Palace,0.0,Deshadan Backwater Resort,Luxury,2500,Thaff Delicacy,581.0,"Dosa, Momos, Upma","228, 204, 211"
Alleppey,Pathiramanal Island,0.0,Marari Beach Resort,Luxury,2500,Brothers Hotel,496.0,"Thali, Idli, Upma","210, 138, 285"
Alleppey,Alleppey Lighthouse,50.0,Marari Beach Resort,Luxury,2500,Cassia Restaurant,643.0,"Paneer Butter Masala, Momos, Paratha","121, 77, 186"
Alleppey,Alappuzha Beach,100.0,Deshadan Backwater Resort,Luxury,2500,Halais Restaurant,292.0,"Upma, Dosa, Idli","223, 185, 113"
Alleppey,Marari Beach,100.0,Sterling Lake Palace Alleppey,Budget,800,Thaff Delicacy,581.0,"Dosa, Momos, Upma","228, 204, 211"
Alleppey,Alleppey Lighthouse,50.0,Sterling Lake Palace Alleppey,Budget,800,Halais Restaurant,292.0,"Upma, Dosa, Idli","223, 185, 113"
Alleppey,Alleppey Lighthouse,50.0,Alleppey Beach Resort,Mid-range,1500,Cassia Restaurant,643.0,"Paneer Butter Masala, Momos, Paratha","121, 77, 186"
Alleppey,Marari Beach,100.0,Alleppey Beach Resort,Mid-range,1500,Thaff Delicacy,581.0,"Dosa, Momos, Upma","228, 204, 211"
Darjeeling,Tiger Hill,0.0,Mayfair Darjeeling,Budget,800,Kunga Restaurant,448.0,"Thali, Paneer Butter Masala, Biryani","156, 173, 118"
Darjeeling,Batasia Loop,0.0,Mayfair Darjeeling,Budget,800,Kunga Restaurant,448.0,"Thali, Paneer Butter Masala, Biryani","156, 173, 118"
Goa,Calangute Beach,0.0,Taj Exotica Resort & Spa,Budget,800,Britto's,576.0,"Biryani, Thali, Paratha","208, 203, 266"
Goa,Aguada Fort,200.0,W Goa,Luxury,2500,Curlies,382.0,"Poha, Paratha, Thali","251, 219, 104"
Goa,Chapora Fort,50.0,Taj Exotica Resort & Spa,Budget,800,Britto's,576.0,"Biryani, Thali, Paratha","208, 203, 266"
Goa,Basilica of Bom Jesus,0.0,Grand Hyatt Goa,Luxury,2500,Curlies,382.0,"Poha, Paratha, Thali","251, 219, 104"
Goa,Aguada Fort,200.0,Taj Exotica Resort & Spa,Budget,800,Britto's,576.0,"Biryani, Thali, Paratha","208, 203, 266"
Goa,Calangute Beach,0.0,Taj Exotica Resort & Spa,Budget,800,Thalassa,283.0,"Dosa, Idli, Paneer Butter Masala","223, 100, 204"
Goa,Basilica of Bom Jesus,0.0,Grand Hyatt Goa,Luxury,2500,Britto's,576.0,"Biryani, Thali, Paratha","208, 203, 266"
Goa,Calangute Beach,0.0,Grand Hyatt Goa,Luxury,2500,Thalassa,283.0,"Dosa, Idli, Paneer Butter Masala","223, 100, 204"
Goa,Palolem Beach,200.0,Taj Exotica Resort & Spa,Budget,800,Thalassa,283.0,"Dosa, Idli, Paneer Butter Masala","223, 100, 204"
Goa,Palolem Beach,200.0,Taj Exotica Resort & Spa,Budget,800,Curlies,382.0,"Poha, Paratha, Thali","251, 219, 104"
Goa,Mayem Lake,50.0,Taj Exotica Resort & Spa,Budget,800,Britto's,576.0,"Biryani, Thali, Paratha","208, 203, 266"
Goa,Aguada Fort,200.0,Grand Hyatt Goa,Luxury,2500,Britto's,576.0,"Biryani, Thali, Paratha","208, 203, 266"
Goa,Basilica of Bom Jesus,0.0,Grand Hyatt Goa,Luxury,2500,Thalassa,283.0,"Dosa, Idli, Paneer Butter Masala","223, 100, 204"
Goa,Aguada Fort,200.0,Taj Exotica Resort & Spa,Budget,800,Thalassa,283.0,"Dosa, Idli, Paneer Butter Masala","223, 100, 204"
Goa,Dudhsagar Waterfalls,0.0,Taj Exotica Resort & Spa,Budget,800,Thalassa,283.0,"Dosa, Idli, Paneer Butter Masala","223, 100, 204"
Goa,Basilica of Bom Jesus,0.0,W Goa,Luxury,2500,Thalassa,283.0,"Dosa, Idli, Paneer Butter Masala","223, 100, 204"
Goa,Mayem Lake,50.0,Taj Exotica Resort & Spa,Budget,800,Curlies,382.0,"Poha, Paratha, Thali","251, 219, 104"
Goa,Dudhsagar Waterfalls,0.0,W Goa,Luxury,2500,Britto's,576.0,"Biryani, Thali, Paratha","208, 203, 266"
Goa,Chapora Fort,50.0,Taj Exotica Resort & Spa,Budget,800,Curlies,382.0,"Poha, Paratha, Thali","251, 219, 104"
Goa,Palolem Beach,200.0,W Goa,Luxury,2500,Thalassa,283.0,"Dosa, Idli, Paneer Butter Masala","223, 100, 204"
Chikmagalur,Baba Budangiri,0.0,The Serai Chikmagalur,Luxury,2500,Odyssey,394.0,"Paratha, Dosa, Paneer Butter Masala","246, 275, 102"
Chikmagalur,Bhadra Wildlife Sanctuary,100.0,The Serai Chikmagalur,Luxury,2500,Odyssey,394.0,"Paratha, Dosa, Paneer Butter Masala","246, 275, 102"
Chikmagalur,Mullayanagiri,0.0,The Serai Chikmagalur,Luxury,2500,Odyssey,394.0,"Paratha, Dosa, Paneer Butter Masala","246, 275, 102"
Chikmagalur,Manikyadhara Falls,0.0,The Serai Chikmagalur,Luxury,2500,Town Canteen,351.0,"Momos, Biryani, Roti","144, 181, 139"
Chikmagalur,Bhadra Wildlife Sanctuary,100.0,Gateway Chikmagalur,Luxury,2500,Odyssey,394.0,"Paratha, Dosa, Paneer Butter Masala","246, 275, 102"
Chikmagalur,Mullayanagiri,0.0,Gateway Chikmagalur,Luxury,2500,Town Canteen,351.0,"Momos, Biryani, Roti","144, 181, 139"
Chikmagalur,Bhadra Wildlife Sanctuary,100.0,The Serai Chikmagalur,Luxury,2500,Town Canteen,351.0,"Momos, Biryani, Roti","144, 181, 139"
Chikmagalur,Baba Budangiri,0.0,Gateway Chikmagalur,Luxury,2500,Town Canteen,351.0,"Momos, Biryani, Roti","144, 181, 139"
Chikmagalur,Kemmanagundi,100.0,Gateway Chikmagalur,Luxury,2500,Odyssey,394.0,"Paratha, Dosa, Paneer Butter Masala","246, 275, 102"
Chikmagalur,Kemmanagundi,100.0,The Serai Chikmagalur,Luxury,2500,Odyssey,394.0,"Paratha, Dosa, Paneer Butter Masala","246, 275, 102"
Chikmagalur,Hirekolale Lake,0.0,Gateway Chikmagalur,Luxury,2500,Odyssey,394.0,"Paratha, Dosa, Paneer Butter Masala","246, 275, 102"
Chikmagalur,Manikyadhara Falls,0.0,Gateway Chikmagalur,Luxury,2500,Odyssey,394.0,"Paratha, Dosa, Paneer Butter Masala","246, 275, 102"
Chikmagalur,Mullayanagiri,0.0,Gateway Chikmagalur,Luxury,2500,Odyssey,394.0,"Paratha, Dosa, Paneer Butter Masala","246, 275, 102"
Chikmagalur,Baba Budangiri,0.0,The Serai Chikmagalur,Luxury,2500,Town Canteen,351.0,"Momos, Biryani, Roti","144, 181, 139"
Chikmagalur,Kemmanagundi,100.0,The Serai Chikmagalur,Luxury,2500,Town Canteen,351.0,"Momos, Biryani, Roti","144, 181, 139"
Chikmagalur,Mullayanagiri,0.0,The Serai Chikmagalur,Luxury,2500,Town Canteen,351.0,"Momos, Biryani, Roti","144, 181, 139"
Chikmagalur,Hirekolale Lake,0.0,Gateway Chikmagalur,Luxury,2500,Town Canteen,351.0,"Momos, Biryani, Roti","144, 181, 139"
Chikmagalur,Kemmanagundi,100.0,Gateway Chikmagalur,Luxury,2500,Town Canteen,351.0,"Momos, Biryani, Roti","144, 181, 139"
Chikmagalur,Hirekolale Lake,0.0,The Serai Chikmagalur,Luxury,2500,Odyssey,394.0,"Paratha, Dosa, Paneer Butter Masala","246, 275, 102"
Chikmagalur,Bhadra Wildlife Sanctuary,100.0,Gateway Chikmagalur,Luxury,2500,Town Canteen,351.0,"Momos, Biryani, Roti","144, 181, 139"
Manali,Old Manali,0.0,Johnson's Lodge,Budget,800,Il Forno,594.0,"Biryani, Roti, Paratha","295, 177, 96"
Manali,Hadimba Devi Temple,150.0,Manuallaya The Resort & Spa,Luxury,2500,Il Forno,594.0,"Biryani, Roti, Paratha","295, 177, 96"
Manali,Rohtang Pass,0.0,Manuallaya The Resort & Spa,Luxury,2500,Il Forno,594.0,"Biryani, Roti, Paratha","295, 177, 96"
Manali,Solang Valley,150.0,The Himalayan,Luxury,2500,Cafe 1947,430.0,"Biryani, Paratha, Poha","85, 121, 219"
Manali,Beas River,0.0,Manuallaya The Resort & Spa,Luxury,2500,Cafe 1947,430.0,"Biryani, Paratha, Poha","85, 121, 219"
Manali,Naggar Castle,200.0,Manuallaya The Resort & Spa,Luxury,2500,Chopsticks,397.0,"Poha, Thali, Paneer Butter Masala","288, 132, 210"
Manali,Hadimba Devi Temple,150.0,Johnson's Lodge,Budget,800,Johnson's Cafe,372.0,"Idli, Momos, Fish Curry","283, 279, 275"
Manali,Old Manali,0.0,Manuallaya The Resort & Spa,Luxury,2500,Johnson's Cafe,372.0,"Idli, Momos, Fish Curry","283, 279, 275"
Manali,Beas River,0.0,Johnson's Lodge,Budget,800,Il Forno,594.0,"Biryani, Roti, Paratha","295, 177, 96"
Manali,Naggar Castle,200.0,Johnson's Lodge,Budget,800,Chopsticks,397.0,"Poha, Thali, Paneer Butter Masala","288, 132, 210"
Manali,Old Manali,0.0,The Himalayan,Luxury,2500,Johnson's Cafe,372.0,"Idli, Momos, Fish Curry","283, 279, 275"
Manali,Rohtang Pass,0.0,Johnson's Lodge,Budget,800,Johnson's Cafe,372.0,"Idli, Momos, Fish Curry","283, 279, 275"
Manali,Beas River,0.0,The Himalayan,Luxury,2500,Chopsticks,397.0,"Poha, Thali, Paneer Butter Masala","288, 132, 210"
Manali,Old Manali,0.0,Solang Valley Resort,Budget,800,Johnson's Cafe,372.0,"Idli, Momos, Fish Curry","283, 279, 275"
Manali,Rohtang Pass,0.0,Johnson's Lodge,Budget,800,Il Forno,594.0,"Biryani, Roti, Paratha","295, 177, 96"
Manali,Naggar Castle,200.0,The Himalayan,Luxury,2500,Johnson's Cafe,372.0,"Idli, Momos, Fish Curry","283, 279, 275"
Manali,Old Manali,0.0,The Himalayan,Luxury,2500,Chopsticks,397.0,"Poha, Thali, Paneer Butter Masala","288, 132, 210"
Manali,Rohtang Pass,0.0,The Himalayan,Luxury,2500,Chopsticks,397.0,"Poha, Thali, Paneer Butter Masala","288, 132, 210"
Manali,Rohtang Pass,0.0,Solang Valley Resort,Budget,800,Johnson's Cafe,372.0,"Idli, Momos, Fish Curry","283, 279, 275"
Manali,Beas River,0.0,The Himalayan,Luxury,2500,Il Forno,594.0,"Biryani, Roti, Paratha","295, 177, 96"
Hampi,Stone Chariot (Vittala Temple),50.0,Evolve Back Hampi,Budget,800,Mango Tree Restaurant,514.0,"Paratha, Poha, Idli","182, 69, 248"
Hampi,Stone Chariot (Vittala Temple),50.0,Evolve Back Hampi,Budget,800,Laughing Buddha Cafe,618.0,"Biryani, Paneer Butter Masala, Roti","87, 269, 77"
Hampi,Virupaksha Temple,50.0,Vijayshree Resort & Heritage Village,Mid-range,1500,Laughing Buddha Cafe,618.0,"Biryani, Paneer Butter Masala, Roti","87, 269, 77"
Hampi,Hampi Bazaar,100.0,Vijayshree Resort & Heritage Village,Mid-range,1500,Mango Tree Restaurant,514.0,"Paratha, Poha, Idli","182, 69, 248"
Hampi,Stone Chariot (Vittala Temple),50.0,Hotel Hampi International,Luxury,2500,Mango Tree Restaurant,514.0,"Paratha, Poha, Idli","182, 69, 248"
Hampi,Virupaksha Temple,50.0,Evolve Back Hampi,Budget,800,Mango Tree Restaurant,514.0,"Paratha, Poha, Idli","182, 69, 248"
Hampi,Virupaksha Temple,50.0,Vijayshree Resort & Heritage Village,Mid-range,1500,Mango Tree Restaurant,514.0,"Paratha, Poha, Idli","182, 69, 248"
Hampi,Stone Chariot (Vittala Temple),50.0,Hotel Hampi International,Luxury,2500,Gopi Guest House,627.0,"Thali, Fish Curry, Roti","179, 150, 246"
Hampi,Matanga Hill,100.0,Hotel Hampi International,Luxury,2500,Mango Tree Restaurant,514.0,"Paratha, Poha, Idli","182, 69, 248"
Hampi,Hemakuta Hill Temple Complex,50.0,Hotel Hampi International,Luxury,2500,Gopi Guest House,627.0,"Thali, Fish Curry, Roti","179, 150, 246"
Hampi,Vittala Temple,50.0,Hotel Hampi International,Luxury,2500,Laughing Buddha Cafe,618.0,"Biryani, Paneer Butter Masala, Roti","87, 269, 77"
Hampi,Hampi Bazaar,100.0,Hotel Hampi International,Luxury,2500,Gopi Guest House,627.0,"Thali, Fish Curry, Roti","179, 150, 246"
Hampi,Hampi Bazaar,100.0,Vijayshree Resort & Heritage Village,Mid-range,1500,Laughing Buddha Cafe,618.0,"Biryani, Paneer Butter Masala, Roti","87, 269, 77"
Hampi,Virupaksha Temple,50.0,Evolve Back Hampi,Budget,800,Gopi Guest House,627.0,"Thali, Fish Curry, Roti","179, 150, 246"
Hampi,Stone Chariot (Vittala Temple),50.0,Vijayshree Resort & Heritage Village,Mid-range,1500,Mango Tree Restaurant,514.0,"Paratha, Poha, Idli","182, 69, 248"
Hampi,Matanga Hill,100.0,Hotel Hampi International,Luxury,2500,Gopi Guest House,627.0,"Thali, Fish Curry, Roti","179, 150, 246"
Hampi,Virupaksha Temple,50.0,Hotel Hampi International,Luxury,2500,Mango Tree Restaurant,514.0,"Paratha, Poha, Idli","182, 69, 248"
Hampi,Virupaksha Temple,50.0,Evolve Back Hampi,Budget,800,Laughing Buddha Cafe,618.0,"Biryani, Paneer Butter Masala, Roti","87, 269, 77"
Hampi,Hemakuta Hill Temple Complex,50.0,Hotel Hampi International,Luxury,2500,Laughing Buddha Cafe,618.0,"Biryani, Paneer Butter Masala, Roti","87, 269, 77"
Hampi,Stone Chariot (Vittala Temple),50.0,Hotel Hampi International,Luxury,2500,Laughing Buddha Cafe,618.0,"Biryani, Paneer Butter Masala, Roti","87, 269, 77"
Kochi,Fort Kochi,100.0,Brunton Boatyard,Budget,800,Fort House Restaurant,316.0,"Upma, Roti, Paratha","113, 142, 164"
Kochi,Jew Town,100.0,Brunton Boatyard,Budget,800,Fort House Restaurant,316.0,"Upma, Roti, Paratha","113, 142, 164"
Kochi,Fort Kochi,100.0,Taj Malabar Resort & Spa,Budget,800,Fort House Restaurant,316.0,"Upma, Roti, Paratha","113, 142, 164"
Kochi,Jew Town,100.0,Taj Malabar Resort & Spa,Budget,800,Dal Roti,316.0,"Upma, Roti, Paratha","113, 142, 164"
Kochi,Jew Town,100.0,Taj Malabar Resort & Spa,Budget,800,Fort House Restaurant,316.0,"Upma, Roti, Paratha","113, 142, 164"
Kochi,Mattancherry Palace,100.0,Taj Malabar Resort & Spa,Budget,800,Dal Roti,316.0,"Upma, Roti, Paratha","113, 142, 164"
Kochi,Mattancherry Palace,100.0,Taj Malabar Resort & Spa,Budget,800,Fort House Restaurant,316.0,"Upma, Roti, Paratha","113, 142, 164"
Kochi,Chinese Fishing Nets,100.0,Brunton Boatyard,Budget,800,Dal Roti,316.0,"Upma, Roti, Paratha","113, 142, 164"
Kochi,Fort Kochi,100.0,Brunton Boatyard,Budget,800,Dal Roti,316.0,"Upma, Roti, Paratha","113, 142, 164"
Kochi,Santa Cruz Basilica,100.0,Taj Malabar Resort & Spa,Budget,800,Dal Roti,316.0,"Upma, Roti, Paratha","113, 142, 164"
Kochi,Jew Town,100.0,Brunton Boatyard,Budget,800,Dal Roti,316.0,"Upma, Roti, Paratha","113, 142, 164"
Kochi,Chinese Fishing Nets,100.0,Taj Malabar Resort & Spa,Budget,800,Fort House Restaurant,316.0,"Upma, Roti, Paratha","113, 142, 164"
Kochi,Santa Cruz Basilica,100.0,Brunton Boatyard,Budget,800,Fort House Restaurant,316.0,"Upma, Roti, Paratha","113, 142, 164"
Kochi,Chinese Fishing Nets,100.0,Taj Malabar Resort & Spa,Budget,800,Dal Roti,316.0,"Upma, Roti, Paratha","113, 142, 164"
Kochi,St. Francis Church,100.0,Taj Malabar Resort & Spa,Budget,800,Dal Roti,316.0,"Upma, Roti, Paratha","113, 142, 164"
Kochi,Santa Cruz Basilica,100.0,Taj Malabar Resort & Spa,Budget,800,Fort House Restaurant,316.0,"Upma, Roti, Paratha","113, 142, 164"
Kochi,Mattancherry Palace,100.0,Brunton Boatyard,Budget,800,Fort House Restaurant,316.0,"Upma, Roti, Paratha","113, 142, 164"
Kochi,St. Francis Church,100.0,Brunton Boatyard,Budget,800,Dal Roti,316.0,"Upma, Roti, Paratha","113, 142, 164"
Kochi,Fort Kochi,100.0,Taj Malabar Resort & Spa,Budget,800,Dal Roti,316.0,"Upma, Roti, Paratha","113, 142, 164"
Kochi,St. Francis Church,100.0,Brunton Boatyard,Budget,800,Fort House Restaurant,316.0,"Upma, Roti, Paratha","113, 142, 164"
Khajuraho,Western Group of Temples,100.0,Syna Heritage Hotel,Luxury,2500,Raja Cafe,403.0,"Dosa, Poha, Idli","196, 90, 220"
Khajuraho,Devi Jagadambi Temple,150.0,Syna Heritage Hotel,Luxury,2500,Panna Restaurant,418.0,"Biryani, Paneer Butter Masala, Idli","252, 134, 287"
Khajuraho,Eastern Group of Temples,100.0,Syna Heritage Hotel,Luxury,2500,Madam Restaurant,344.0,"Roti, Momos, Idli","153, 188, 100"
Khajuraho,Lakshmana Temple,150.0,Radisson Hotel Khajuraho,Mid-range,1500,Panna Restaurant,418.0,"Biryani, Paneer Butter Masala, Idli","252, 134, 287"
Khajuraho,Lakshmana Temple,150.0,Ramada by Wyndham Khajuraho,Mid-range,1500,Madam Restaurant,344.0,"Roti, Momos, Idli","153, 188, 100"
Khajuraho,Southern Group of Temples,100.0,The Lalit Temple View Khajuraho,Luxury,2500,La Bella Italia,576.0,"Roti, Momos, Paratha","97, 154, 215"
Khajuraho,Eastern Group of Temples,100.0,Ramada by Wyndham Khajuraho,Mid-range,1500,La Bella Italia,576.0,"Roti, Momos, Paratha","97, 154, 215"
Khajuraho,Lakshmana Temple,150.0,Radisson Hotel Khajuraho,Mid-range,1500,La Bella Italia,576.0,"Roti, Momos, Paratha","97, 154, 215"
Khajuraho,Southern Group of Temples,100.0,Syna Heritage Hotel,Luxury,2500,Panna Restaurant,418.0,"Biryani, Paneer Butter Masala, Idli","252, 134, 287"
Khajuraho,Western Group of Temples,100.0,The Lalit Temple View Khajuraho,Luxury,2500,Panna Restaurant,418.0,"Biryani, Paneer Butter Masala, Idli","252, 134, 287"
Khajuraho,Southern Group of Temples,100.0,Radisson Hotel Khajuraho,Mid-range,1500,Panna Restaurant,418.0,"Biryani, Paneer Butter Masala, Idli","252, 134, 287"
Khajuraho,Kandariya Mahadeva Temple,100.0,Radisson Hotel Khajuraho,Mid-range,1500,La Bella Italia,576.0,"Roti, Momos, Paratha","97, 154, 215"
Khajuraho,Western Group of Temples,100.0,Ramada by Wyndham Khajuraho,Mid-range,1500,Raja Cafe,403.0,"Dosa, Poha, Idli","196, 90, 220"
Khajuraho,Western Group of Temples,100.0,Radisson Hotel Khajuraho,Mid-range,1500,Panna Restaurant,418.0,"Biryani, Paneer Butter Masala, Idli","252, 134, 287"
Khajuraho,Kandariya Mahadeva Temple,100.0,Syna Heritage Hotel,Luxury,2500,La Bella Italia,576.0,"Roti, Momos, Paratha","97, 154, 215"
Khajuraho,Lakshmana Temple,150.0,Syna Heritage Hotel,Luxury,2500,Madam Restaurant,344.0,"Roti, Momos, Idli","153, 188, 100"
Khajuraho,Western Group of Temples,100.0,Radisson Hotel Khajuraho,Mid-range,1500,Raja Cafe,403.0,"Dosa, Poha, Idli","196, 90, 220"
Khajuraho,Devi Jagadambi Temple,150.0,Syna Heritage Hotel,Luxury,2500,La Bella Italia,576.0,"Roti, Momos, Paratha","97, 154, 215"
Khajuraho,Eastern Group of Temples,100.0,Ramada by Wyndham Khajuraho,Mid-range,1500,Madam Restaurant,344.0,"Roti, Momos, Idli","153, 188, 100"
Khajuraho,Eastern Group of Temples,100.0,Ramada by Wyndham Khajuraho,Mid-range,1500,Panna Restaurant,418.0,"Biryani, Paneer Butter Masala, Idli","252, 134, 287"
Bikaner,Lalgarh Palace,200.0,Narendra Bhawan Bikaner,Budget,800,Gallops Restaurant,373.0,"Idli, Momos, Paratha","117, 274, 85"
Bikaner,Karni Mata Temple (Deshnok),200.0,Narendra Bhawan Bikaner,Budget,800,Gallops Restaurant,373.0,"Idli, Momos, Paratha","117, 274, 85"
Bikaner,Junagarh Fort,200.0,Narendra Bhawan Bikaner,Budget,800,Gallops Restaurant,373.0,"Idli, Momos, Paratha","117, 274, 85"
Ranthambore,Padam Talao,150.0,Taj Sawai Ranthambhore,Luxury,2500,Chaman Restaurant,333.0,"Fish Curry, Upma, Roti","225, 212, 248"
Ranthambore,Ranthambore Fort,150.0,Taj Sawai Ranthambhore,Luxury,2500,Chaman Restaurant,333.0,"Fish Curry, Upma, Roti","225, 212, 248"
Ranthambore,Padam Talao,150.0,The Oberoi Vanyavilas Wildlife Resort,Mid-range,1500,Chaman Restaurant,333.0,"Fish Curry, Upma, Roti","225, 212, 248"
Ranthambore,Trinetra Ganesh Temple,150.0,The Oberoi Vanyavilas Wildlife Resort,Mid-range,1500,Chaman Restaurant,333.0,"Fish Curry, Upma, Roti","225, 212, 248"
Ranthambore,Padam Talao,150.0,The Oberoi Vanyavilas Wildlife Resort,Mid-range,1500,The Dining Room (The Oberoi Vanyavilas),500.0,"Momos, Upma, Thali","90, 280, 201"
Ranthambore,Ranthambore Fort,150.0,Taj Sawai Ranthambhore,Luxury,2500,The Dining Room (The Oberoi Vanyavilas),500.0,"Momos, Upma, Thali","90, 280, 201"
Ranthambore,Malik Talao,200.0,Taj Sawai Ranthambhore,Luxury,2500,Chaman Restaurant,333.0,"Fish Curry, Upma, Roti","225, 212, 248"
Ranthambore,Trinetra Ganesh Temple,150.0,The Oberoi Vanyavilas Wildlife Resort,Mid-range,1500,The Dining Room (The Oberoi Vanyavilas),500.0,"Momos, Upma, Thali","90, 280, 201"
Ranthambore,Malik Talao,200.0,The Oberoi Vanyavilas Wildlife Resort,Mid-range,1500,Chaman Restaurant,333.0,"Fish Curry, Upma, Roti","225, 212, 248"
Ranthambore,Ranthambore Fort,150.0,The Oberoi Vanyavilas Wildlife Resort,Mid-range,1500,The Dining Room (The Oberoi Vanyavilas),500.0,"Momos, Upma, Thali","90, 280, 201"
Ranthambore,Ranthambore National Park (Safari points),150.0,Taj Sawai Ranthambhore,Luxury,2500,Chaman Restaurant,333.0,"Fish Curry, Upma, Roti","225, 212, 248"
Ranthambore,Malik Talao,200.0,Taj Sawai Ranthambhore,Luxury,2500,The Dining Room (The Oberoi Vanyavilas),500.0,"Momos, Upma, Thali","90, 280, 201"
Ranthambore,Malik Talao,200.0,The Oberoi Vanyavilas Wildlife Resort,Mid-range,1500,The Dining Room (The Oberoi Vanyavilas),500.0,"Momos, Upma, Thali","90, 280, 201"
Ranthambore,Ranthambore National Park (Safari points),150.0,The Oberoi Vanyavilas Wildlife Resort,Mid-range,1500,Chaman Restaurant,333.0,"Fish Curry, Upma, Roti","225, 212, 248"
Ranthambore,Trinetra Ganesh Temple,150.0,Taj Sawai Ranthambhore,Luxury,2500,Chaman Restaurant,333.0,"Fish Curry, Upma, Roti","225, 212, 248"
Ranthambore,Ranthambore National Park (Safari points),150.0,Taj Sawai Ranthambhore,Luxury,2500,The Dining Room (The Oberoi Vanyavilas),500.0,"Momos, Upma, Thali","90, 280, 201"
Ranthambore,Raj Bagh Ruins,200.0,The Oberoi Vanyavilas Wildlife Resort,Mid-range,1500,The Dining Room (The Oberoi Vanyavilas),500.0,"Momos, Upma, Thali","90, 280, 201"
Ranthambore,Trinetra Ganesh Temple,150.0,Taj Sawai Ranthambhore,Luxury,2500,The Dining Room (The Oberoi Vanyavilas),500.0,"Momos, Upma, Thali","90, 280, 201"
Ranthambore,Ranthambore Fort,150.0,The Oberoi Vanyavilas Wildlife Resort,Mid-range,1500,Chaman Restaurant,333.0,"Fish Curry, Upma, Roti","225, 212, 248"
Ranthambore,Raj Bagh Ruins,200.0,The Oberoi Vanyavilas Wildlife Resort,Mid-range,1500,Chaman Restaurant,333.0,"Fish Curry, Upma, Roti","225, 212, 248"
Kaziranga,Kohora Range,0.0,Borgos Resort,Luxury,2500,Diphlu River Lodge Restaurant,390.0,"Fish Curry, Biryani, Paratha","194, 99, 238"
Kaziranga,Kaziranga National Park (Central,0.0,Borgos Resort,Luxury,2500,Diphlu River Lodge Restaurant,390.0,"Fish Curry, Biryani, Paratha","194, 99, 238"
Kaziranga,Kaziranga National Park (Central,0.0,Borgos Resort,Luxury,2500,Wild Grass Lodge Restaurant,680.0,"Roti, Upma, Biryani","105, 107, 289"
Kaziranga,Kaziranga National Park (Central,0.0,IORA - The Retreat,Luxury,2500,Diphlu River Lodge Restaurant,390.0,"Fish Curry, Biryani, Paratha","194, 99, 238"
Kaziranga,Burapahar Range,200.0,Borgos Resort,Luxury,2500,Diphlu River Lodge Restaurant,390.0,"Fish Curry, Biryani, Paratha","194, 99, 238"
Kaziranga,Burapahar Range,200.0,IORA - The Retreat,Luxury,2500,Diphlu River Lodge Restaurant,390.0,"Fish Curry, Biryani, Paratha","194, 99, 238"
Kaziranga,Eastern Ranges),0.0,Borgos Resort,Luxury,2500,Wild Grass Lodge Restaurant,680.0,"Roti, Upma, Biryani","105, 107, 289"
Kaziranga,Western,0.0,IORA - The Retreat,Luxury,2500,Diphlu River Lodge Restaurant,390.0,"Fish Curry, Biryani, Paratha","194, 99, 238"
Kaziranga,Western,0.0,Borgos Resort,Luxury,2500,Diphlu River Lodge Restaurant,390.0,"Fish Curry, Biryani, Paratha","194, 99, 238"
Kaziranga,Kohora Range,0.0,Borgos Resort,Luxury,2500,Wild Grass Lodge Restaurant,680.0,"Roti, Upma, Biryani","105, 107, 289"
Kaziranga,Bagori Range,200.0,Borgos Resort,Luxury,2500,Diphlu River Lodge Restaurant,390.0,"Fish Curry, Biryani, Paratha","194, 99, 238"
Kaziranga,Eastern Ranges),0.0,IORA - The Retreat,Luxury,2500,Diphlu River Lodge Restaurant,390.0,"Fish Curry, Biryani, Paratha","194, 99, 238"
Kaziranga,Eastern Ranges),0.0,Borgos Resort,Luxury,2500,Diphlu River Lodge Restaurant,390.0,"Fish Curry, Biryani, Paratha","194, 99, 238"
Kaziranga,Western,0.0,IORA - The Retreat,Luxury,2500,Wild Grass Lodge Restaurant,680.0,"Roti, Upma, Biryani","105, 107, 289"
Kaziranga,Kaziranga National Park (Central,0.0,IORA - The Retreat,Luxury,2500,Wild Grass Lodge Restaurant,680.0,"Roti, Upma, Biryani","105, 107, 289"
Kaziranga,Bagori Range,200.0,IORA - The Retreat,Luxury,2500,Wild Grass Lodge Restaurant,680.0,"Roti, Upma, Biryani","105, 107, 289"
Kaziranga,Eastern Ranges),0.0,IORA - The Retreat,Luxury,2500,Wild Grass Lodge Restaurant,680.0,"Roti, Upma, Biryani","105, 107, 289"
Kaziranga,Burapahar Range,200.0,Borgos Resort,Luxury,2500,Wild Grass Lodge Restaurant,680.0,"Roti, Upma, Biryani","105, 107, 289"
Kaziranga,Burapahar Range,200.0,IORA - The Retreat,Luxury,2500,Wild Grass Lodge Restaurant,680.0,"Roti, Upma, Biryani","105, 107, 289"
Kaziranga,Bagori Range,200.0,IORA - The Retreat,Luxury,2500,Diphlu River Lodge Restaurant,390.0,"Fish Curry, Biryani, Paratha","194, 99, 238"
